programa_cod,programa_nome,is_deleted_programa,indicador,is_deleted_indicador,unidade_de_medida,indice_de_referencia,em_apuracao_indice_de_referencia,dt_apuracao,previsao_para_ano0,em_apuracao_ano0,previsao_para_ano1,em_apuracao_ano1,previsao_para_ano2,em_apuracao_ano2,previsao_para_ano3,em_apuracao_ano3,fonte,periodicidade,base_geografica,formula_de_calculo,justificativa_status_apuracao_previsoes,justificativa_status_apuracao_indice_ref,updated_at,is_indicador_new,polaridade
1,MINAS ÍNTEGRA E TRANSPARENTE,False,PERCENTUAL DE PEDIDOS DA LEI DE ACESSO À INFORMAÇÃO RESPONDIDOS NO PRAZO LEGAL,False,Percentual,95.70,,2022-12-31,95.00,,95.00,,95.00,,95.00,,CONTROLADORIA-GERAL DO ESTADO DE MINAS GERAIS,Anual,Estadual,PERCENTUAL DE PEDIDOS DA LEI DE ACESSO À INFORMAÇÃO RESPONDIDOS NO PRAZO LEGAL = [QUANTIDADE DE MANIFESTAÇÕES RESPONDIDAS NO PRAZO LEGAL / (QUANTIDADE TOTAL DE MANIFESTAÇÕES RECEBIDAS – QUANTIDADE DE MANIFESTAÇÕES EM TRAMITAÇÃO NO PRAZO)] * 100,,,2023-08-09 15:41:00,True,MAIOR
1,MINAS ÍNTEGRA E TRANSPARENTE,False,"PERCENTUAL DE CONSELHOS DE POLÍTICAS PÚBLICAS PREVISTOS NA LEI Nº 24.313, DE 2023 COM INFORMAÇÕES DIVULGADAS NO PORTAL DOS CONSELHOS",False,Percentual,58.00,,2023-06-30,65.00,,70.00,,75.00,,80.00,,CONTROLADORIA-GERAL DO ESTADO,Anual,Estadual,"PERCENTUAL DE CONSELHOS DE POLÍTICAS PÚBLICAS PREVISTOS NA LEI Nº 24.313, DE 2023, COM INFORMAÇÕES DIVULGADAS NO PORTAL DOS CONSELHOS = (TOTAL DE CONSELHOS DE POLÍTICAS PÚBLICAS QUE TEM INFORMAÇÕES DIVULGADAS NO PORTAL DOS CONSELHOS) / TOTAL DE CONSELHOS DE POLÍTICAS PÚBLICAS PREVISTOS NA LEI Nº 24.313, DE 2023) * 100",,,2023-08-09 15:19:00,True,MAIOR
2,AUDITORIA INTERNA DO FUTURO,False,PERCENTUAL DE IMPLEMENTAÇÃO DO NÍVEL 3 IA-CM (MODELO DE CAPACIDADE DE AUDITORIA INTERNA),False,Percentual,,Em Apuração,,40.00,,80.00,,100.00,,100.00,,CONTROLADORIA-GERAL DO ESTADO,Anual,Estadual,PERCENTUAL DE IMPLEMENTAÇÃO DO NÍVEL 3 IA-CM (MODELO DE CAPACIDADE DE AUDITORIA INTERNA) = (NÚMERO DE ÁREAS DE PROCESSOS-CHAVES DO NÍVEL 3 IA-CM IMPLEMENTADOS NA AUGE / QUANTIDADE DE ÁREAS DE PROCESSOS-CHAVES DO NÍVEL 3 IA-CM) * 100,,"AS ÁREAS DE PROCESSOS-CHAVE (KPAS) DO NÍVEL 3 IACM SÃO DISTINTAS DOS KPAS DO NÍVEL 2. ALÉM DISSO, A AVALIAÇÃO DO MODELO DE CAPACIDADE DE AUDITORIA INTERNA REQUER CONCENTRAÇÃO DE ESFORÇOS PARA O LEVANTAMENTO DE EVIDÊNCIAS QUE APONTAM A EXISTÊNCIA E INSTITUCIONALIZAÇÃO DAS ATIVIDADES ESSENCIAIS DE CADA ÁREA DE PROCESSO CHAVE DO NÍVEL ALMEJADO E CONSIDERANDO A REESTRUTURAÇÃO DA AUDITORIA-GERAL NÃO SE CONSIDEROU VIÁVEL A AVALIAÇÃO, CUJO RESULTADO PROVÁVEL EM 2022 SERIA DE NÃO ATINGIMENTO. SENDO ASSIM, EM 2024 HÁ A PREVISÃO DE REALIZAÇÃO DA AVALIAÇÃO DO NÍVEL 2 PARA INFORME AO CONSELHO NACIONAL DE CONTROLE INTERNO, COM REQUISITO MÍNIMO PARA INICIAR A AVALIAÇÃO DO NÍVEL 3 NOS DEMAIS ANOS. AS ÁREAS DE PROCESSOS-CHAVE (KPAS) DO NÍVEL 3 IACM SÃO DISTINTAS DOS KPAS DO NÍVEL 2. ALÉM DISSO, A AVALIAÇÃO DO MODELO DE CAPACIDADE DE AUDITORIA INTERNA REQUER CONCENTRAÇÃO DE ESFORÇOS PARA O LEVANTAMENTO DE EVIDÊNCIAS QUE APONTAM A EXISTÊNCIA E INSTITUCIONALIZAÇÃO DAS ATIVIDADES ESSENCIAIS DE CADA ÁREA DE PROCESSO CHAVE DO NÍVEL ALMEJADO E CONSIDERANDO A REESTRUTURAÇÃO DA AUDITORIA-GERAL NÃO SE CONSIDEROU VIÁVEL A AVALIAÇÃO, CUJO RESULTADO PROVÁVEL EM 2022 SERIA DE NÃO ATINGIMENTO. SENDO ASSIM, EM 2024 HÁ A PREVISÃO DE REALIZAÇÃO DA AVALIAÇÃO DO NÍVEL 2 PARA INFORME AO CONSELHO NACIONAL DE CONTROLE INTERNO, COM REQUISITO MÍNIMO PARA INICIAR A AVALIAÇÃO DO NÍVEL 3 NOS DEMAIS ANOS.",2023-08-07 14:54:00,True,MAIOR
2,AUDITORIA INTERNA DO FUTURO,False,PERCENTUAL DE EXECUÇÃO DO PLANO ANUAL DE AUDITORIA INTERNA,False,Percentual,,Em Apuração,,70.00,,75.00,,80.00,,80.00,,CONTROLADORIA-GERAL DO ESTADO,Anual,Estadual,PERCENTUAL DE EXECUÇÃO DO PLANO ANUAL DE AUDITORIA INTERNA = (NÚMERO DE AÇÕES EXECUTADAS / TOTAL DE AÇÕES PLANEJADAS NO PLANO ANUAL DE AUDITORIA INTERNA) * 100,,"INDICADOR EM APURAÇÃO, DEVIDO A ALTERAÇÃO DA METODOLOGIA DE APURAÇÃO.",2023-08-07 14:53:00,True,MAIOR
3,ENFRENTAMENTO DA CORRUPÇÃO E RECUPERAÇÃO DE ATIVOS,False,PERCENTUAL DE ELIMINAÇÃO DO PASSIVO DE PROCESSOS ADMINISTRATIVOS DISCIPLINARES,False,Percentual,70.00,,2023-06-30,90.00,,95.00,,95.00,,100.00,,CONTROLADORIA-GERAL DO ESTADO,Anual,Estadual,ELIMINAÇÃO DO PASSIVO DE PROCESSOS ADMINISTRATIVOS DISCIPLINARES COM MAIS DE 24 MESES DE INSTAURAÇÃO = NÚMERO DE PROCESSOS CONCLUÍDOS COM PERÍODO DE INSTAURAÇÃO MAIOR QUE 24 MESES NO ANO DE CÔMPUTO / NÚMERO DE PROCESSOS COM PERÍODO DE INSTAURAÇÃO MAIOR QUE 24 MESES) * 100,,"NÃO TEMOS A MENSURAÇÃO DO INDICADOR, POIS, É UM INDICADOR NOVO.",2023-08-07 16:12:00,True,MAIOR
3,ENFRENTAMENTO DA CORRUPÇÃO E RECUPERAÇÃO DE ATIVOS,False,ÍNDICE DE EFETIVIDADE DAS AÇÕES INVESTIGATIVAS,False,Percentual,,Em Apuração,,90.00,,94.00,,96.00,,98.00,,CONTROLADORIA-GERAL DO ESTADO,Anual,Estadual,ÍNDICE DE EFETIVIDADE DAS AÇÕES INVESTIGATIVAS = (NÚMERO DE JUÍZO DE ADMISSIBILIDADE FAVORÁVEL EMTIDO PELA COGE DAS AÇÕES REMETIDAS PELO NUCC / NÚMERO DE AÇÕES INVESTIGATIVAS REMETIDAS PELO NUCC PARA A COGE PARA APURAÇÃO DE RESPONSABILIDADE) * 100,,"NÃO HÁ HISTÓRICO DE APURAÇÃO DO INDICADOR PROPOSTO, SENDO NECESSÁRIAS ALTERAÇÕES NA FORMA COMO  OS BANCOS DE DADOS ATUALMENTE SÃO ALIMENTADOS PARA QUE  O INDICADOR SEJA CALCULADO.",2023-07-28 16:50:00,True,MAIOR
3,ENFRENTAMENTO DA CORRUPÇÃO E RECUPERAÇÃO DE ATIVOS,False,ÍNDICE DE RECUPERAÇÃO DE VALORES PACTUADOS EM ACORDOS DE LENIÊNCIA,True,Percentual,,Em Apuração,,90.00,,95.00,,100.00,,100.00,,CONTROLADORIA-GERAL DO ESTADO,Anual,Estadual,ÍNDICE DE RECUPERAÇÃO DE VALORES PACTUADOS EM ACORDOS DE LENIÊNCIA = (VALORES RELACIONADOS COM ACORDO DE LENIÊNCIAS CELEBRADOS PELO PODER EXECUTIVO DO ESTADO DE MINAS GERAIS EFETIVAMENTE RECUPERADO NO EXERCÍCIO / PREVISÃO DE RECUPERAÇÃO DE ATIVOS RELACIONADOS COM ACORDO DE LENIÊNCIAS CELEBRADOS PELO PODER EXECUTIVO DO ESTADO DE MINAS GERAIS NO EXERCÍCIO) * 100,,"NÃO HOUVE APURAÇÃO DESTE INDICADOR, SENDO NECESSÁRIAS ALTERAÇÕES NA FORMA COMO AS BASES DE DADOS SÃO ATUALMENTE ALIMENTADAS PARA SEU CÁLCULO.",2023-08-09 14:43:00,True,MAIOR
3,ENFRENTAMENTO DA CORRUPÇÃO E RECUPERAÇÃO DE ATIVOS,False,,True,,0.00,,2024-12-31,,,,,,,,,,,,,,,2023-08-08 10:25:00,True,
4,CGE INTEGRADA E EFICIENTE,False,PERCENTUAL DE EXECUÇÃO DO PLANO DE ATIVIDADE DE CONTROLE INTERNO,False,Percentual,74.95,,2023-05-31,75.00,,80.00,,80.00,,80.00,,CONTROLADORIA-GERAL DO ESTADO,Anual,Estadual,"PERCENTUAL DE EXECUÇÃO DO PLANO DE ATIVIDADES DE CONTROLE INTERNO = (PRODUTOS EXECUTADOS EM TRANSPARÊNCIA, INTEGRIDADE E CONTROLE SOCIAL + PRODUTOS EXECUTADOS EM AUDITORIA + PRODUTOS EXECUTADOS EM CORREIÇÃO) /  (PRODUTOS PLANEJADOS EM TRANSPARÊNCIA, INTEGRIDADE E CONTROLE SOCIAL + PRODUTOS PLANEJADOS EM AUDITORIA + PRODUTOS PLANEJADOS EM CORREIÇÃO) * 100",,,2023-07-28 15:32:00,True,MAIOR
11,ASSESSORAMENTO TÉCNICO E ADMINISTRATIVO AO GOVERNADOR E VICE-GOVERNADOR,False,TAXA DE MATERIAIS TÉCNICOS DISPONIBILIZADOS ANTECIPADAMENTE PARA O GOVERNADOR E VICE-GOVERNADOR,False,Percentual %,,Em Apuração,,93.00,,95.00,,97.00,,100.00,,SUPERINTENDÊNCIA DE ASSESSORAMENTO TEMÁTICO,Anual,Estadual,(NÚMERO DE MATERIAIS TÉCNICOS DISPONIBILIZADOS PARA O GOVERNADOR E VICE-GOVERNADOR COM ANTECEDÊNCIA MÍNIMA / NÚMERO TOTAL DE MATERIAIS TÉCNICOS PREVISTOS) * 100,,"O STATUS EM APURAÇÃO SE JUSTIFICA UMA VEZ QUE NÃO TEMOS ÍNDICE DE REFERÊNCIA E DATA DE APURAÇÃO, POIS O INDICADOR É NOVO, ESTÁ SENDO CRIADO NESTE MOMENTO EM DECORRÊNCIA DA LEI 24.313 DE 28/04/2023 E DO DECRETO 48.641 DE 28/06/2023.",2023-07-24 14:22:00,True,MAIOR
12,POLÍTICA PÚBLICA DE METROLOGIA E AVALIAÇÃO DA CONFORMIDADE,False,"AVALIAÇÃO DA CONFORMIDADE DE INSUMOS, PRODUTOS E SERVIÇOS (VISITAS)",False,Número,800.00,,2023-07-14,800.00,,800.00,,800.00,,800.00,,INSTITUTO DE METROLOGIA E QUALIDADE DO ESTADO DE MINAS GERAIS - IPEM - MG,Mensal,Estadual,"A APURAÇÃO É FEITA PELO SISTEMA DE GESTÃO INTEGRADA - SGI/INMETRO, COM RELATÓRIOS DAS FISCALIZAÇÕES REALIZADAS. TODA FISCALIZAÇÃO É FEITA COM COLETORES DE DADOS(NOTEBOOKS) INTEGRADOS AO SGI DE FORMA SINCRONIZADA, SENDO MENSALMENTE APURADO O NÚMERO DE  FISCALIZAÇÕES.",,,2023-08-03 09:42:00,True,MAIOR
12,POLÍTICA PÚBLICA DE METROLOGIA E AVALIAÇÃO DA CONFORMIDADE,False,EXECUÇÃO DO CONTROLE METROLÓGICO LEGAL,False,UNIDADE,429615.00,,2023-07-14,429615.00,,429615.00,,429615.00,,429615.00,,INSTITUTO DE METROLOGIA E QUALIDADE DO ESTADO DE MINAS GERAIS - IPEM - MG,Mensal,Estadual,"A APURAÇÃO É FEITA PELO SISTEMA DE GESTÃO INTEGRADA - SGI/INMETRO, COM RELATÓRIOS DAS VERIFICAÇÕES E FISCALIZAÇÕES REALIZADAS. TODAS AS ATIVIDADES SÃO REALIZADAS COM COLETORES DE DADOS INTEGRADOS AO SGI DE FORMA SINCRONIZADA, SENDO MENSALMENTE APURADO O NÚMERO DE  VERIFICAÇÕES E FISCALIZAÇÕES.",,,2023-08-03 09:42:00,True,MAIOR
18,COMUNICAÇÃO INSTITUCIONAL E DE UTILIDADE PÚBLICA,False,"PERCENTUAL DE CAMPANHAS GOVERNAMENTAIS PARA DIVULGAÇÃO DA CULTURA, DO TURISMO E DA GASTRONOMIA DE MINAS, FORA DO TERRITÓRIO DO ESTADO.",False,Percentual %,,Em Apuração,,1.00,,1.00,,1.50,,2.00,,SCP – SUPERINTENDÊNCIA CENTRAL DE PUBLICIDADE DA SECOM.,Anual,Nacional,"(Nº DE CAMPANHAS VOLTADAS PARA A CULTURA, TURISMO E GASTRONOMIA DE MG/ Nº TOTAL DE CAMPANHAS VEICULADAS) X 100","EM 2022 FORAM REALIZADAS 216 CAMPANHAS E 408 EDITAIS. EM 2023 FORAM REALIZADAS ATÉ ABRIL (CONFORME SIGPLAN) 66 CAMPANHAS E 122 EDITAIS. A SUGESTÃO DO PERCENTUAL, LEVOU EM CONSIDERAÇÃO O ANO DE 2022, SENDO QUE 2 CAMPANHAS VOLTADAS PARA O TEMA (FOI A QUANTIDADE PROPOSTA) REPRESENTA 1% DO TOTAL.","O INDICADOR APRESENTADO FOI CRIADO EM CUMPRIMENTO À LEI Nº 24.090, DE 2022, QUE ACRESCENTOU DISPOSITIVOS À LEI Nº 13.768, DE 2000, QUE DISPÕE SOBRE A PROPAGANDA E A PUBLICIDADE PROMOVIDAS PELO ÓRGÃO PÚBLICO OU ENTIDADE SOB CONTROLE DIRETO OU INDIRETO DO ESTADO.  UM DOS DISPOSITIVOS ACRESCIDOS FOI A POSSIBILIDADE DE DIVULGAÇÃO DE MINAS GERAIS COMO DESTINO TURÍSTICO, FORA DO TERRITÓRIO DO ESTADO, PRECISAMENTE NAS ÁREAS DA CULTURA, DO TURISMO E DA GASTRONOMIA DO ESTADO. UMA VEZ QUE A LEI É RECENTE (2022), NÃO EXISTIA ATÉ ENTÃO UMA CONTABILIZAÇÃO SISTEMÁTICA PARA ESSE INDICADOR.",2023-07-26 09:15:00,True,MAIOR
19,ATENÇÃO HOSPITALAR ESPECIALIZADA,False,PERCENTUAL EXECUTADO DA PRODUÇÃO ASSISTENCIAL NAS UNIDADES DA REDE FHEMIG,False,%,100.00,,2027-06-30,100.00,,100.00,,100.00,,100.00,,FHEMIG,Anual,Estadual,TAXA DE DESEMPENHO (TD) = (EXECUTADO/PLANEJADO) X 100AÇÃO / IDENTIFICADORCOMPLEXO HOSPITALAR DE URGÊNCIA E EMERGÊNCIA 1COMPLEXO HOSPITALAR DE BARBACENA 2COMPLEXO HOSPITALAR DE ESPECIALIDADES 3UNIDADES ASSISTENCIAIS DE SAÚDE MENTAL 4UNIDADES ASSISTENCIAIS DE REABILITAÇÃO E CUIDADOS INTEGRADOS 5UNIDADES ASSISTENCIAIS DE REFERÊNCIA 6SISTEMA ESTADUAL DE TRANSPLANTES 7RESULTADO = [(TD1 X 15) + (TD2 X 10) + (TD3 X 10) + (TD4 X 15) + (TD5 X 25) + (TD6 X 20) +(TD7 X 5)] / 100,,,2023-07-25 09:56:00,True,MAIOR
21,SANEAMENTO E RESÍDUOS ESPECIAIS,False,PERCENTUAL DE POPULAÇÃO URBANA ATENDIDA POR SOLUÇÃO DE TRATAMENTO DE ESGOTO SANITÁRIO.,False,Percentual %,53.73,,2022-12-31,54.00,,55.00,,55.50,,56.50,,DIRETORIA DE ABASTECIMENTO DE ÁGUA E ESGOTAMENTO SANITÁRIO /SEMAD,Anual,Estadual,ÍNDICE = 100 X (POPULAÇÃO URBANA ATENDIDA / POPULAÇÃO URBANA TOTAL),,,2023-07-21 15:24:00,True,MAIOR
21,SANEAMENTO E RESÍDUOS ESPECIAIS,False,NÚMERO DE MUNICÍPIOS ATENDIDOS POR SOLUÇÃO DE DESTINAÇÃO DE RESÍDUOS SÓLIDOS URBANOS.,False,município,510.00,,2022-12-31,530.00,,550.00,,570.00,,590.00,,DIRETORIA DE RESÍDUOS SÓLIDOS URBANOS E DRENAGEM DE ÁGUAS PLUVIAIS,Anual,Estadual,"NÚMERO DE MUNICÍPIOS, CONFORME LEVANTAMENTO FEITO PELA SEMAD",,,2023-07-21 13:58:00,True,MAIOR
22,"CONSTRUINDO O FUTURO POR MEIO DA CIÊNCIA, DA TECNOLOGIA E DA INOVAÇÃO",False,VARIAÇÃO PERCENTUAL DO NÚMERO DE PUBLICAÇÕES DE ARTIGOS EM REVISTA INDEXADA DERIVADOS DE PROJETOS FINANCIADOS PELA FAPEMIG,False,%,1.00,,2024-12-31,1.00,,1.05,,1.05,,1.05,,RELATÓRIO DE ATIVIDADES FAPEMIG,Anual,Estadual,NÚMERO DE PUBLICAÇÕES EM REVISTA INDEXADA NO ANO EM RELAÇÃO AO ANO ANTERIOR,,,2023-07-28 10:46:00,True,MAIOR
22,"CONSTRUINDO O FUTURO POR MEIO DA CIÊNCIA, DA TECNOLOGIA E DA INOVAÇÃO",False,VARIAÇÃO PERCENTUAL DO NÚMERO DE TECNOLOGIAS COM PEDIDOS DE PROTEÇÃO DE PROPRIEDADE INTELECTUAL,False,%,1.00,,2024-12-31,1.00,,1.00,,1.03,,1.05,,RELATÓRIOS DAS UNIDADES RESPONSÁVEIS PELO CONTROLE DE PATENTES,Anual,Estadual,"NÚMERO DE TECNOLOGIAS (PATENTES, SOFTWARES, DESENHOS INDUSTRIAIS E CULTIVARES) COM PEDIDO DE PROTEÇÃO JUNTO A AUTORIDADE NACIONAL OU INTERNACIONAL DE PROPRIEDADE INTELECTUAL NO ANO EM RELAÇÃO AO ANO ANTERIOR.",,,2023-07-28 10:48:00,True,MAIOR
22,"CONSTRUINDO O FUTURO POR MEIO DA CIÊNCIA, DA TECNOLOGIA E DA INOVAÇÃO",False,VARIAÇÃO NO VOLUME DE RECURSOS APLICADOS EM INOVAÇÃO,False,%,1.00,,2024-12-31,1.00,,1.00,,1.05,,1.10,,"PLANILHAS DE CONTROLES RETIRADAS DO ARMAZEM SIAFI, INFORMAÇÕES DAS ÁREAS RESPONSÁVEIS, EVEREST",Anual,Estadual,SOMATÓRIO DOS RECURSOS CONTRATADOS PELA FAPEMIG E DA CONTRAPARTIDA DAS EMPRESAS E DEMAIS BENEFICIÁRIOS DAS INICIATIVAS DE INOVAÇÃO NO ANO EM COMPARAÇÃO COM O ANO ANTERIOR,,,2023-07-28 10:51:00,True,MAIOR
22,"CONSTRUINDO O FUTURO POR MEIO DA CIÊNCIA, DA TECNOLOGIA E DA INOVAÇÃO",False,NÚMERO DE BOLSAS DE COTA DE MESTRADO E DOUTORADO CONCEDIDAS,False,Número,2700.00,,2024-12-31,2700.00,,2700.00,,2700.00,,2700.00,,"RELATÓRIOS DOS SETORES RESPONSÁVEIS, RELATÓRIO EVEREST DE BOLSAS PAPG",Anual,Estadual,NÚMERO DE BOLSAS DE COTA DE MESTRADO E DOUTORADO CONCEDIDAS NO ANO,,,2023-07-28 10:31:00,True,MAIOR
26,DESENVOLVIMENTO DO ENSINO SUPERIOR NA UEMG,False,PERCENTUAL DE CURSOS DE GRADUAÇÃO EM FUNCIONAMENTO NA UEMG COM QUALIDADE AFERIDA POR AVALIAÇÃO DO CEE/MG E/OU DO ENADE.,True,%,,Em Apuração,,,,,,,,,,,,,,,,2023-08-07 10:08:00,True,
26,DESENVOLVIMENTO DO ENSINO SUPERIOR NA UEMG,False,POPULAÇÃO BENEFICIADA PELAS AÇÕES DESENVOLVIDAS PELA UEMG,False,Pessoa beneficiada,1386855.00,,2022-12-31,1587810.00,,1698957.00,,1817884.00,,1945136.00,,PRÓ-REITORIA DE EXTENSÃO,Anual,Estadual,,,,2023-07-31 11:04:00,True,
27,GESTÃO AMBIENTAL.,False,CAPACITAÇÃO EM INSTRUMENTO ECONÔMICOS,False,percentual de municípios,,Em Apuração,,9.00,,11.00,,13.00,,15.00,,DPAI – DIRETORIA DE PROJETOS AMBIENTAIS E INSTRUMENTOS ECONÔMICOS,Anual,Municipal,INDICADOR: (SOMATÓRIO DOS MUNICÍPIOS QUE PARTICIPARAM DE EVENTOS EM QUE HOUVER CAPACITAÇÃO REALIZADA PELA DPAI NO ANO DE REFERÊNCIA/NÚMERO DE MUNICÍPIOS MINEIROS DO ANO ANTERIOR ) X 100,,O INDICADOR COMEÇARÁ A SER APURADO EM 2023.,2023-07-25 14:45:00,True,MAIOR
27,GESTÃO AMBIENTAL.,False,"INCREMENTO DE ABRANGÊNCIA DOS PROGRAMAS, PROJETOS E AÇÕES INSTITUCIONAIS DE EDUCAÇÃO AMBIENTAL",False,Percentual,,Em Apuração,,5.00,,5.00,,5.00,,5.00,,DIRETORIA DE EDUCAÇÃO AMBIENTAL,Anual,Estadual,ÍNDICE = 100 X (NÚMERO DE PRODUTOS DO ANO ATUAL – NÚMERO DE PRODUTOS DO ANO ANTERIOR)/ NÚMERO DE PRODUTOS DO ANO ANTERIOR,,"O INDICADOR ORA PROPOSTO ESTÁ SENDO CRIADO PARA A NOVA DIRETORIA DE EDUCAÇÃO AMBIENTAL, NÃO TENDO AINDA REFERÊNCIA DO ANO ANTERIOR.",2023-07-25 14:39:00,True,MAIOR
27,GESTÃO AMBIENTAL.,False,"INCREMENTO DE CAMADAS, FUNCIONALIDADES E MATERIAIS NA IDE SISEMA, RELATÓRIOS E CAPACITAÇÃO EM GEOTECNOLOGIAS",False,Percentual,,Em Apuração,,13.00,,14.00,,15.00,,16.00,,DIRETORIA DE ESTRATÉGIAS EM GEOTECNOLOGIAS E INFORMAÇÃO GEOGRÁFICA,Anual,Estadual,ÍNDICE = 100 X (NÚMERO DE PRODUTOS DO ANO ATUAL – NÚMERO DE PRODUTOS DO ANO ANTERIOR)/ NÚMERO DE PRODUTOS DO ANO ANTERIOR,,A APURAÇÃO AINDA SE DARÁ EM 2023.,2023-07-25 15:09:00,True,MAIOR
27,GESTÃO AMBIENTAL.,False,PROJETOS DE PAGAMENTO POR SERVIÇOS AMBIENTAIS FOMENTADOS E/OU IMPLEMENTADOS,False,Percentual,,Em Apuração,,2.00,,5.00,,7.00,,9.00,,DPAI – DIRETORIA DE PROJETOS AMBIENTAIS E INSTRUMENTOS ECONÔMICOS,Anual,Estadual,INDICADOR: SOMATÓRIO DOS MUNICÍPIOS QUE IMPLEMENTARAM POLÍTICAS PÚBLICAS DE PAGAMENTO POR SERVIÇOS AMBIENTAIS/NÚMERO DE MUNICÍPIOS MINEIROS NO ANO DE REFERÊNCIA,,"O INDICADOR ORA PROPOSTO ESTÁ SENDO CRIADO PARA A NOVA AÇÃO DE PAGAMENTO POR SERVIÇOS AMBIENTAIS, NÃO TENDO AINDA REFERÊNCIA DO ANO ANTERIOR.  SERÁ POSSÍVEL APURAR O INDICADOR AO FINAL DO PRIMEIRO ANO DE EXECUÇÃO DA NOVA AÇÃO CRIADA PARA COMPOR A SUBSECRETARIA DE GESTÃO AMBIENTAL, CONFORME PROPOSTO NA REFORMA ADMINISTRATIVA PREVISTA NA LEI ESTADUAL Nº 24.313 DE 28 DE ABRIL DE 2023.",2023-07-25 15:14:00,True,
28,DESENVOLVIMENTO DE AÇÕES DE EDUCAÇÃO E PESQUISA PARA O SISTEMA ÚNICO DE SAÚDE,False,ÍNDICE DE SATISFAÇÃO DOS ALUNOS,False,%,98.26,,2022-12-31,97.00,,97.00,,97.00,,97.00,,RELATÓRIO EMITIDO PELAS UNIDADES ADMINISTRATIVAS CONTENDO O COMPILADO DAS AVALIAÇÕES DE SATISFAÇÃO PREENCHIDAS PELOS ALUNOS,Bimestral,Estadual,"(SOMATÓRIO DO NÚMERO DE ALUNOS QUE AVALIARAM O CURSO COMO ""BOM"" E ""ÓTIMO"" / NÚMERO TOTAL DE ALUNOS QUE RESPONDERAM A AVALIAÇÃO) X 100",,,2023-07-14 19:16:00,True,MAIOR
28,DESENVOLVIMENTO DE AÇÕES DE EDUCAÇÃO E PESQUISA PARA O SISTEMA ÚNICO DE SAÚDE,False,PERCENTUAL DE ABRANGÊNCIA DAS AÇÕES DE ENSINO E PESQUISA DA ESP-MG,False,%,99.00,,2022-12-31,95.00,,95.00,,95.00,,95.00,,RELATÓRIO EMITIDO PELAS UNIDADES ADMINISTRATIVAS CONTENDO A REGIONALIZAÇÃO DAS AÇÕES DE ENSINO.,Anual,Estadual,(NÚMERO DE MUNICÍPIOS COM PELO MENOS 1 ALUNO MATRICULADO / NÚMERO TOTAL DE MUNICÍOS DE MINAS GERAIS) X 100,,,2023-07-14 19:16:00,True,MAIOR
29,REGISTRO PÚBLICO DE EMPRESAS MERCANTIS E ATIVIDADES AFINS,False,PERCENTUAL DE ATENDIMENTO DE CERTIDÕES EM ATÉ 3 (TRÊS) DIAS ÚTEIS,False,%,99.97,,2023-01-31,99.97,,99.98,,99.98,,99.98,,JUCEMG,Anual,Estadual,INDICADOR PERCENTUAL DE ATENDIMENTO DE CERTIDÕES EM ATÉ 3 (TRÊS) DIAS ÚTEIS.FÓRMULA: (SOMATÓRIO DO NÚMERO DE PEDIDOS DE CERTIDÕES ATENDIDAS EM ATÉ 3 DIAS ÚTEIS) / (SOMATÓRIO DO NÚMERO TOTAL DE PEDIDO DE CERTIDÕES ATENDIDAS) *100,,,2023-07-20 10:23:00,True,MAIOR
29,REGISTRO PÚBLICO DE EMPRESAS MERCANTIS E ATIVIDADES AFINS,False,PERCENTUAL DE DECISÕES COLEGIADAS PROFERIDAS EM ATÉ 3 (TRÊS) DIAS ÚTEIS,False,%,,Em Apuração,,99.50,,99.60,,99.60,,99.70,,JUCEMG,Anual,Estadual,"INDICADOR: PERCENTUAL DE DECISÕES COLEGIADAS PROFERIDAS EM ATÉ 3 (TRÊS) DIAS ÚTEIS, COMPREENDENDO TODAS AS ETAPAS DO EXAME FORMAL E SEU RESULTADO: FORMULAÇÃO DE EXIGÊNCIA, DEFERIMENTO OU INDEFERIMENTO DE ATOS EMPRESARIAIS (CONSTITUIÇÃO DE S/A, TODOS OS ATOS DE CONSÓRCIOS E OPERAÇÕES COMPLEXAS: – TRANSFORMAÇÃO, CISÃO, INCORPORAÇÃO E FUSÃO).FÓRMULA DE CÁLCULO: (SOMATÓRIO DO NÚMERO DE DECISÕES COLEGIADAS ATENDIDAS EM ATÉ 3 DIAS ÚTEIS) / (SOMATÓRIO DO NÚMERO TOTAL DE DECISÕES COLEGIADAS ATENDIDAS) * 100",,"AINDA NÃO HÁ REFERÊNCIA DE APURAÇÃO DO INDICADOR.. EM 2022, O PRAZO PARA MENSURAÇÃO DO INDICADOR ERA DE 5 (CINCO) DIAS ÚTEIS, EM 2023 PASSOU A SER 3 (TRÊS) DIAS ÚTEIS. A APURAÇÃO DE 2023 SÓ OCORRE AO FINAL DO ANO.",2023-07-20 10:23:00,True,MAIOR
29,REGISTRO PÚBLICO DE EMPRESAS MERCANTIS E ATIVIDADES AFINS,False,PERCENTUAL DE DECISÕES SINGULARES PROFERIDAS EM ATÉ 1 (HUM) DIA ÚTIL,False,%,100.00,,2023-01-31,100.00,,100.00,,100.00,,100.00,,JUCEMG,Anual,Estadual,"INDICADOR: PERCENTUAL DE DECISÕES SINGULARES PROFERIDAS EM ATÉ 1 (HUM) DIA ÚTIL, COMPREENDENDO TODAS AS ETAPAS DO EXAME FORMAL E SEU RESULTADO: FORMULAÇÃO DE EXIGÊNCIA, DEFERIMENTO OU INDEFERIMENTO DE ATOS EMPRESARIAIS, REFERENTES ÀS CONSTITUIÇÕES DE EMPRESAS (EMPRESÁRIO INDIVIDUAL E SOCIEDADES, EXCETO SOCIEDADE ANÔNIMA E CONSÓRCIO).FÓRMULA: (SOMATÓRIO DO NÚMERO DE DECISÕES SINGULARES PROFERIDAS EM ATÉ 1 (HUM) DIA ÚTIL) / (SOMATÓRIO DO NÚMERO TOTAL DE DECISÕES SINGULARES PROFERIDAS, REFERENTES ÀS CONSTITUIÇÕES DE EMPRESÁRIO E SOCIEDADES, EXCETO SOCIEDADE ANÔNIMA E CONSÓRCIO) * 100",,,2023-07-20 10:23:00,True,MAIOR
29,REGISTRO PÚBLICO DE EMPRESAS MERCANTIS E ATIVIDADES AFINS,False,PERCENTUAL DE DECISÕES SINGULARES PROFERIDAS EM ATÉ 2 (DOIS) DIAS ÚTEIS,False,%,100.00,,2023-01-31,100.00,,100.00,,100.00,,100.00,,JUCEMG,Anual,Estadual,"INDICADOR: PERCENTUAL DE DECISÕES SINGULARES PROFERIDAS EM ATÉ 2 (DOIS) DIAS ÚTEIS, COMPREENDENDO TODAS AS ETAPAS DO EXAME FORMAL E SEU RESULTADO: FORMULAÇÃO DE EXIGÊNCIA, DEFERIMENTO OU INDEFERIMENTO DE ATOS EMPRESARIAIS DE ALTERAÇÃO E EXTINÇÃO. FÓRMULA (SOMATÓRIO DO NÚMERO DE DECISÕES SINGULARES ATENDIDAS EM ATÉ 2 DIAS ÚTEIS) / (SOMATÓRIO DO NÚMERO TOTAL DE DECISÕES SINGULARES PROFERIDAS, EXCETO CONSTITUIÇÕES DE EMPRESÁRIO, SOCIEDADES LTDA E COOPERATIVA) *100",,,2023-07-20 10:23:00,True,MAIOR
29,REGISTRO PÚBLICO DE EMPRESAS MERCANTIS E ATIVIDADES AFINS,False,PERCENTUAL DE LIBERAÇÃO DE LIVROS/AUTENTICAÇÃO DE LIVROS EM ATÉ 2 (DOIS) DIAS ÚTEIS,False,%,99.97,,2023-01-31,99.98,,99.98,,99.98,,99.98,,JUCEMG,Anual,Estadual,INDICADOR: PERCENTUAL DE LIBERAÇÃO DE LIVROS/AUTENTICAÇÃO DE LIVROS EM ATÉ 2 (DOIS) DIAS ÚTEIS.FÓRMULA (SOMATÓRIO DO NÚMERO DE LIBERAÇÃO DE LIVROS/AUTENTICAÇÃO DE LIVROS EM ATÉ 2 DIAS ÚTEIS) / (SOMATÓRIO DO NÚMERO TOTAL DE LIBERAÇÃO DE LIVROS/AUTENTICAÇÃO DE LIVROS) *100,,,2023-07-20 10:23:00,True,MAIOR
34,SUPORTE ÀS AÇÕES DE TRANSPORTE RODOVIÁRIO,False,DISPONIBILIDADE DA FROTA,False,Percentual,95.00,,2023-05-31,95.00,,95.00,,95.00,,95.00,,DIRETORIA DE TRANSPORTE TERRESTRE DO GMG,Anual,Estadual,VEÍCULOS DISPONÍVEIS/ X 100FROTA DO GMG,,,2023-08-09 10:29:00,True,MAIOR
39,GESTÃO DA ASSISTÊNCIA À SAÚDE,False,PROPORÇÃO DE CONSULTAS MÉDICAS EM PRONTO SOCORRO				,False,Percentual,31.00,,2023-06-30,20.00,,20.00,,20.00,,20.00,,SISTEMA DE AUTORIZAÇÃO E FATURAMENTO ELETRÔNICO (SAFE) DO IPSEMG				,Mensal,Estadual,"TOTAL DE CONSULTAS MÉDICAS (DE URGÊNCIA E DE PRONTO SOCORRO) REALIZADAS / TOTAL DE CONSULTAS MÉDICAS (ELETIVAS, DE ATENÇÃO PRIMÁRIA, DE URGÊNCIA E DE PRONTO SOCORRO) REALIZADAS X 100				",,,2023-07-25 18:17:00,True,MENOR
39,GESTÃO DA ASSISTÊNCIA À SAÚDE,False,PERCENTUAL DE EXECUÇÃO FINANCEIRA DOS LIMITES ORÇAMENTÁRIOS DA REDE CONTRATADA,False,Percentual,83.00,,2022-12-31,90.00,,90.00,,90.00,,90.00,,SISTEMA DE ASSISTÊNCIA DESCENTRALIZADA DE SAÚDE - SADS,Mensal,Estadual,( SOMATÓRIO DOS VALORES EXECUTADOS / SOMATÓRIO DOS LIMITES DE EXECUÇÃO FINANCEIRA DOS PRESTADORES CONTRATADOS) X100				,,,2023-08-07 10:12:00,True,MAIOR
39,GESTÃO DA ASSISTÊNCIA À SAÚDE,False,ÍNDICE DE COBERTURA EM CONSULTA MÉDICA				,False,CONSULTA REALIZADA/BENEFICIÁRIO,0.13,,2022-12-31,2.00,,2.00,,2.00,,2.00,,SISTEMA DE CADASTRO ÚNICO (CADU) E SISTEMA DE AUTORIZAÇÃO E FATURAMENTO ELETRÔNICO (SAFE) DO IPSEMG				,Anual,Estadual,"[TOTAL DE CONSULTAS MÉDICAS (ELETIVAS, DE ATENÇÃO PRIMÁRIA, DE URGÊNCIA E DE PRONTO SOCORRO) REALIZADAS / TOTAL DE BENEFICIÁRIOS ATIVOS NO SISTEMA DE CADASTRO ÚNICO (CADU) DO IPSEMG]				",,,2023-08-02 14:00:00,True,MAIOR
41,REGULARIZAÇÃO AMBIENTAL,False,REDUÇÃO DO TEMPO MÉDIO DE TRAMITAÇÃO DOS PROCESSOS DE LICENCIAMENTO AMBIENTAL CONVENCIONAL,False,UNIDADE,270.00,,2019-12-31,220.00,,220.00,,210.00,,200.00,,DIRETORIA DE APOIO A REGULARIZAÇÃO AMBIENTAL,Anual,Estadual,"ESSE INDICADOR SERÁ OBTIDO PELA MODALIDADE DE LICENCIAMENTO CONVENCIONAL, PELA SEGUINTE FÓRMULA DE CÁLCULO: &#931, (DATA DA FINALIZAÇÃO DO PROCESSO NO ANO DE REFERÊNCIA - DATA DE FORMALIZAÇÃO) – (PERÍODO DE SUSPENSÃO DE PRAZO)/TOTAL DE PROCESSOS FINALIZADOS NO ANO DE REFERÊNCIA.",,,2023-07-25 11:44:00,True,MENOR
41,REGULARIZAÇÃO AMBIENTAL,False,REDUÇÃO DO PASSIVO DE PROCESSOS DE LICENCIAMENTO AMBIENTAL,False,Percentual,85.40,,2022-12-31,100.00,,100.00,,100.00,,100.00,,DIRETORIA DE APOIO À REGULARIZAÇÃO AMBIENTAL,Anual,Estadual,(N° DE PROCESSOS FINALIZADOS - Nº DE ENTRADA DE PROCESSOS)/(PASSIVO TOTAL) X 100,,,2023-07-25 11:40:00,True,MAIOR
42,DESENVOLVIMENTO DA EDUCAÇÃO BÁSICA,False,NÚMERO DE CERTIFICADO EXPEDIDO PELO NÚCLEO DE FORMAÇÃO PRESENCIAL E A DISTÂNCIA AOS PROFISSIONAIS DO QUADRO DE MAGISTÉRI,False,UNIDADE,1100.00,,2023-07-25,1200.00,,1200.00,,1200.00,,1200.00,,RELATÓRIO EXPEDIDO PELO NEAD,Anual,Estadual,"&#8721, DE CERTIFICADOS EXPEDIDOS AOS PROFISSIONAIS DO QUADRO DE MAGISTÉRIO DA FUNDAÇÃO HELENA ANTIPOFF QUE COMPREENDE: PROFESSOR E ESPECIALISTA EM EDUCAÇÃO BÁSICA E ANALISTA EM EDUCAÇÃO BÁSICA.",,,2023-07-25 16:47:00,True,MAIOR
42,DESENVOLVIMENTO DA EDUCAÇÃO BÁSICA,False,,True,,1100.00,,2023-07-25,1150.00,,1200.00,,1200.00,,1200.00,,,,,,,,2023-07-25 16:47:00,True,
42,DESENVOLVIMENTO DA EDUCAÇÃO BÁSICA,False,NUMERO DE ESTUDANTE SELECIONADO NO PROJETO CIDADÃO GLOBAL DE MINAS PARA O MUNDO PARA INTERCAMBIO,False,UNIDADE,20.00,,2023-07-25,20.00,,20.00,,20.00,,20.00,,RELATORIO EXPEDIDO PELA GERÊNCIA DE PROJETOS E RESULTADOS,Anual,Estadual,NUMERO DE ESTUDANTES SELECIONADOS E ENVIADOS PARA REALIZAÇÃO DO ENTERCAMBIO ESTUDANTIL.,,,2023-07-25 16:47:00,True,MAIOR
42,DESENVOLVIMENTO DA EDUCAÇÃO BÁSICA,False,NÚMERO DE ALUNOS ATENDIDOS NA AMPLIAÇÃO DA JORNADA ESCOLAR COM CRESCIMENTO NAS AVALIAÇÕES ESCOLAR,False,UNIDADE,360.00,,2023-07-20,360.00,,370.00,,380.00,,380.00,,RELATÓRIO EXPEDIDO PELA GERÊNCIA DE ENSINO BÁSICO,Mensal,Estadual,"&#8721, DE ALUNOS PARTICIPANTES DAS ATIVIDADES OFERTADAS NA JORNADA ESCOLAR QUE RESULTARAM CRESCIMENTO NAS AVALIAÇÕES ESCOLARES NAS DISCIPLINAS DE PORTUGUÊS, MATEMÁTICA OU CIÊNCIAS. CÁLCULO DE DESEMPENHO: FAIXAS DE DESEMPENHO RESULTADO DE 300 A 360 ALUNOS COM REGISTRO DE ÍNDICES DE CRESCIMENTO NAS AVALIÇÕES ESCOLARES: PORTUGUÊS, MATEMÁTICA OU CIÊNCIAS - NOTA: 10 DE 299 A 239 ALUNOS COM REGISTRO DE ÍNDICES DE CRESCIMENTO NAS AVALIÇÕES ESCOLARES: PORTUGUÊS, MATEMÁTICA OU CIÊNCIAS",,,2023-07-25 16:47:00,True,MAIOR
42,DESENVOLVIMENTO DA EDUCAÇÃO BÁSICA,False,TAXA DE CONCLUSÃO DO 3º ANO DO ENSINO MÉDIO,False,%,75.00,,2023-07-25,80.00,,83.00,,85.00,,87.00,,RELATÓRIO EXPEDIDO PELA GERÊNCIA DE ENSINO BÁSICO,Anual,Estadual,(Nº DE ALUNO DO 3º ANO DO ENSINO MÉDIO APROVADOS/ Nº TOTAL DE ALUNSO DO 3º ANO ENSINO MÉDIO)X100,,,2023-07-25 16:47:00,True,MAIOR
42,DESENVOLVIMENTO DA EDUCAÇÃO BÁSICA,False,TAXA DE CONCLUSÃO DO 9º ANO DO ENSINO FUNDAMENTAL,False,%,80.00,,2023-07-25,85.00,,86.00,,87.00,,88.00,,RELATORIO EXPEDIDO PELA GERENCIA DE ENSINO BÁSICO,Anual,Estadual,(Nº DE ALUNOS CONCLUINTES DO 9º ANO /Nº TOTAL DE ALUNO INGRESSANTES NO 9º ANO) X100,,,2023-07-25 16:47:00,True,MAIOR
43,DESJUDICIALIZA MINAS,False,TAXA DE IINCREMENTO DE NOVAS CITAÇÕES,False,Taxa,8.00,,2023-07-19,6.00,,5.00,,5.00,,5.00,,AEST,Anual,Estadual,A TAXA DE INCREMENTO DE CITAÇÕES É ESTIMADA A PARTIR DO CRESCIMENTO ABSOLUTO EM CITAÇÕES ENTRE DOIS ANOS CONFORME A SEGUINTE FÓRMULA {[(CITAÇÕES DO A-1) - (CITAÇÕES A)/(CITAÇÕES DO A-1]*100},,,2023-07-20 09:29:00,True,MENOR
44,REPRESENTAÇÃO JURÍDICA DO ESTADO E ENTIDADES,False,CERTIDÃO DÍVIDA ATIVA TRIBUTÁRIA OU NÃO-TRIBUTÁRIA AJUIZADA,False,UNIDADE,2650.00,,2023-07-20,2650.00,,2650.00,,2650.00,,2650.00,,AEST,Anual,Estadual,SOMA DE CERTIDÕES AJUIZADAS,,,2023-07-20 09:31:00,True,
44,REPRESENTAÇÃO JURÍDICA DO ESTADO E ENTIDADES,False,CERTIDÕES DE DÍVIDA ATIVA TRIBUTÁRIA OU NÃO-TRIBUTÁRIA PROTESTADAS EXTRAJUDICIALMENTE,False,UNIDADE,117470.00,,2023-07-20,117470.00,,117470.00,,117470.00,,117470.00,,AEST,Anual,Estadual,SOMA DAS CERTIDÕES PROTESTADAS EXTRAJUDICIALMENTE,,,2023-07-20 09:32:00,True,
44,REPRESENTAÇÃO JURÍDICA DO ESTADO E ENTIDADES,False,INTIMAÇÕES ELETRÔNICAS RECEBIDAS NA AGE,False,UNIDADE,1005318.00,,2023-07-20,1005318.00,,1005318.00,,1005318.00,,1005318.00,,SISTEMA TRIBUNUS,Anual,Estadual,SOMATÓRIO DOS AVISOS ELETRÔNICOS RECEBIDOS,,,2023-07-20 09:33:00,True,
44,REPRESENTAÇÃO JURÍDICA DO ESTADO E ENTIDADES,False,PARECERES E NOTAS JURÍDICAS EMITIDAS,False,UNIDADE,308.00,,2023-07-20,308.00,,308.00,,308.00,,308.00,,CONSULTORIA JURÍDICA,Anual,Estadual,SOMA DE PARECERES E NOTAS JURÍDICAS EMITIDAS,,,2023-07-20 09:34:00,True,MAIOR
46,SUPORTE AÉREO AOS SERVIÇOS PÚBLICOS ESTADUAIS,False,ÍNDICE DE UTILIZAÇÃO SOCIAL DO TRANSPORTE AÉREO,False,Percentual,60.00,,2023-07-31,60.00,,60.00,,60.00,,60.00,,SISTEMA INTEGRADO DE GESTÃO DE AERONAVES-SIGA,Anual,Estadual,IUSTA = (NHVS+NHVMA+NHVDC+NHOAS) / X 100 Nº DE HORAS VOADAS,,,2023-08-03 15:22:00,True,MAIOR
47,SUPORTE ÀS AÇÕES DE COMBATE E RESPOSTA AOS DANOS CAUSADOS PELAS CHUVAS,False,ÍNDICE DE ATENDIMENTO REFERENTE A CHUVAS AOS MUNICÍPIOS,False,Percentual,,Em Apuração,,,Em Apuração,,Em Apuração,,Em Apuração,,Em Apuração,GABINETE MILITAR DO GOVERNADOR,Anual,Estadual,TOTAL DE MUNICÍPIOS ATENDIDOS X 100 / TOTAL DE MUNICÍPIOS QUE SOLICITARAM APOIO,"CONSIDERANDO NÃO TER SIDO POSSÍVEL UMA ANÁLISE PREGRESSA DOS DADOS NECESSÁRIOS PARA O ESTABELECIMENTO DE UM ÍNDICE REFERENCIAL, NÃO TEREMOS CONDIÇÕES DE APRESENTAR UM ""ÍNDICE ESPERADO"" PARA O ANO DE 2024. VISANDO UM RESULTADO FIDEDIGNO E A MELHOR POSSIBILIDADE DE ACOMPANHAMENTO PELO INDICADOR, NOS PRÓXIMOS ANOS, DURANTE O CICLO DE ATUALIZAÇÃO DO PPAG, COM BASE NO RESULTADO DO ANO DE 2024, APRESENTAREMOS O ÍNDICE PARA OS ANOS POSTERIORES.","REFERIDO PROGRAMA TEVE INÍCIO NO ÚLTIMO PPAG POR INICIATIVA DA SEPLAG, TENDO SIDO NOMEADO O GMG SEU TITULAR, ENTRETANTO, À ÉPOCA NÃO FOI ESTABELECIDO INDICADOR PARA TAL. NESTE NOVO PPAG, O GMG SE ORGANIZOU PARA REALIZAR UM TRABALHO CONJUNTO COM OS DEMAIS ÓRGÃOS ENVOLVIDOS. O INDICADOR CONSTRUÍDO CONSULTARÁ A BASE DE DADOS DE TODOS OS ÓRGÃOS ENVOLVIDOS,ENTRETANTO, EM CONSULTA ÀS DEMAIS SECRETARIAS, NÃO FOI POSSÍVEL BUSCAR TAIS INFORMAÇÕES EM TODOS OS BANCOS DE DADOS, RAZÃO PELA QUAL SE MOSTROU INFRUTÍFERA A APRESENTAÇÃO DE UM ÍNDICE DE REFERÊNCIA NESTE MOMENTO.",2023-08-01 13:33:00,True,MAIOR
48,PROTEÇÃO E DEFESA CIVIL,False,ÍNDICE DE ATENDIMENTO AOS MUNICÍPIOS,False,Percentual,,Em Apuração,,100.00,,100.00,,100.00,,100.00,,GABINETE MILITAR DO GOVERNADOR (SISTEMA DE DEFESA CIVIL DE MG),Anual,Estadual,TOTAL DE MUNICÍPIOS ATENDIDOS X 100 / TOTAL DE MUNICÍPIOS QUE SOLICITARAM APOIO,,"NÃO FOI POSSÍVEL APURAR O ÍNDICE DE REFERÊNCIA, TENDO EM VISTA QUE AS SOLICITAÇÕES DE APOIO ORIUNDAS DOS NUNICÍPIOS DAVAM ENTRADA NO GMG POR DIVERSOS MEIOS (OFÍCIOS, E-MAILS ETC.).AINDA NO ANO DE 2022, O GMG IMPLANTOU UM SISTEMA INFORMATIZADO PRÓPRIO PARA O RECEBIMENTO DESSAS SOLICITAÇÕES(SISTEMA DE DEFESA CIVIL DE MG).DESSA FORMA, AS INFORMAÇÕES CONSTANTES NO SISTEMA NÃO REFLETEM A TOTALIDADE DAS SOLICITAÇÕES HAVIDAS NO ANO DE 2022, BEM COMO NÃO FOI POSSÍVEL LOCALIZAR AS SOLICITAÇÕES DOS ANOS ANTERIORES, PRINCIPALMENTE DEVIDO ÀS DIVERSAS FORMAS DE ENTRADAS EXISTENTES.PELOS MOTIVOS EXPOSTOS, NÃO FOI POSSÍVEL APURAR O ÍNDICE DE REFERÊNCIA,ENTRETANTO,A PREVISÃO DO ÍNDICE PARA OS PRÓXIMOS QUATRO ANOS É DE 100%,OU SEJA, PRETENDEMOS ATENDER A TODAS AS SOLICITAÇÕES DE APOIO.",2023-08-03 15:16:00,True,MAIOR
49,ADMINISTRAÇÃO DOS PRÉDIOS GOVERNAMENTAIS,False,ÍNDICE DE SATISFAÇÃO DOS SERVIÇOS CONSERVAÇÃO E MANUTENÇÃO,False,Percentual,85.70,,2023-03-31,90.00,,90.00,,90.00,,90.00,,SUPERINTENDÊNCIA DE LOGÍSTICA,Anual,Estadual,FÓRMULA ISS = [(QRP-QRD)] / [(QRP + QRN + QRD)] X 100IGSS = (ISSRC) + (ISSCZ) + (ISSCP) + (ISSLC)  / 2LEGENDA DA FÓRMULA:IGSS = ÍNDICE GERAL DE SATISFAÇÃO DOS SERVIÇOSISSRC = ÍNDICE DE SATISFAÇÃO DOS SERVIÇOS DE RECEPÇÃOISSCZ = ÍNDICE DE SATISFAÇÃO DOS SERVIÇOS DE COZINHAISSCP = ÍNDICE DE SATISFAÇÃO DOS SERVIÇOS DE COPAISSCL = ÍNDICE DE SATISFAÇÃO DOS SERVIÇOS DE CONSERVAÇÃO E LIMPEZAQRP = QUANTITATIVO DE RESPOSTAS PROMOTORAS: 9 E 10QRN = QUANTITATIVO DE RESPOSTAS NEUTRAS: 7 E 8QRD = QUANTITATIVO DE RESPOSTAS DETRATORAS: 0 A 6ISS = ÍNDICE DE SATISFAÇÃO DOS SERVIÇOS,,,2023-08-01 10:36:00,True,MAIOR
50,SEGURANÇA E INTELIGÊNCIA GOVERNAMENTAL,False,ÍNDICE DE DIAS SEM INCIDENTES CONSUMADOS,False,Total de Dias Sem Incidentes Consumados,100.00,,2022-12-31,100.00,,100.00,,100.00,,100.00,,SUPERINTENDÊNCIA DE SEGURANÇA E INTELIGÊNCIA,Anual,Estadual,ÍNDICE DIAS SEM INCIDENTES CONSUMADOS = NÚMERO TOTAL DE DIAS SEM INCIDENTES CONSUMADOS X 100 / NÚMERO DE DIAS DO ANO,,,2023-08-03 14:53:00,True,MAIOR
51,ATENDIMENTO COMUNITÁRIO E PSICOPEDAGOGICO NA FUNDACÃO HELENA ANTIPOFF,False,NÚMERO AÇÕES COLETIVAS E ATENDIMENTOS EM GRUPO REALIZADOS NA CLÍNICA DE PSICOLOGIA E ESCOLA SANDOVAL SOARES DE AZEVEDO.,False,UNIDADE,6.00,,2023-07-24,8.00,,8.00,,8.00,,8.00,,RELATÓRIO EXPEDIDO PELA CLÍNICA DE PISCOLOGIA ÉDOUARD CLAPARÉDE,Anual,Estadual,Nº DE AÇÕES COLETIVAS E ATENDIMENTOS REALIZADOS,,,2023-07-25 16:00:00,True,MAIOR
51,ATENDIMENTO COMUNITÁRIO E PSICOPEDAGOGICO NA FUNDACÃO HELENA ANTIPOFF,False,ATENDIMENTO REALIZADO NAS OFICINAS PEDAGÓGICAS: UM OLHAR AO CIDADÃO!,False,Aluno Atendido,20.00,,2023-07-25,20.00,,20.00,,20.00,,2.00,,RELATÓRIO EXPEDIDO PELA GERÊNCIA DE EDUCAÇÃO BÁSICA,Anual,Estadual,NUMERO DE ALUNOS QUE CONCLUIRAM O PROCESSO SELETIVO E SÃO ENCAMINHADOS PARA O INTERCMABIO ESTUDANTIL.,,,2023-07-25 16:00:00,True,MAIOR
57,SOLUÇÕES EM SERVIÇOS DE APOIO TÉCNICO-OPERACIONAL,False,EFETIVIDADE NA REALIZAÇÃO DE INVESTIMENTOS,False,Percentagem %,80.00,,2020-12-31,75.00,,80.00,,82.50,,82.50,,MGS - MINAS GERAIS ADMINISTRAÇÃO E SERVIÇOS S.A.,Anual,Estadual,(VALOR REALIZADO DOS INVESTIMENTOS / VALOR PREVISTO DE INVESTIMENTOS ) X 100,,,2023-07-04 11:29:00,False,MAIOR
63,VIGILÂNCIA EM SAÚDE,False,PERCENTUAL DE CASOS DE DOENÇAS DE NOTIFICAÇÃO COMPULSÓRIA (DNC) DIGITADOS NO SINAN COM ENCERRAMENTO OPORTUNO DA INVESTIGAÇÃO,False,%,84.53,,2023-07-28,86.00,,87.00,,88.00,,89.00,,SISTEMA DE INFORMAÇÃO DE AGRAVOS DE NOTIFICAÇÃO (SINAN),Anual,Estadual,"(NÚMERO DE CASOS DE DNC NOTIFICADOS E ENCERRADOS OPORTUNAMENTE, POR RESIDÊNCIA EM MINAS GERAIS/ NÚMERO DE CASOS DE DNC NOTIFICADOS, POR RESIDÊNCIA EM MINAS GERAIS) X 100",,,2023-08-03 13:32:00,True,MAIOR
65,FORTALECIMENTO DA POLÍTICA ESTADUAL DE RECURSOS HÍDRICOS,False,EXPANSÃO E FORTALECIMENTO DA POLÍTICA ESTADUAL DE RECURSOS HÍDRICOS,False,%,14.00,,2023-07-21,20.30,,37.40,,47.30,,60.80,,INSTITUTO MINEIRO DE GESTÃO DAS ÁGUAS,Anual,Estadual,(SOMA DO STATUS ATUAL  + SOMA CUMULATIVA DO IMPLEMENTADO NO PERÍODO AVALIADO (INSTRUMENTOS IMPLEMENTADOS (2) + SOMA FERRAMENTA DE GESTÃO (3) + SOMA DE ENTES DO SISTEMA DE GERENCIAMENTO INSTITUIDOS (1)) / 222,,,2023-07-21 14:46:00,True,MAIOR
69,"FOMENTO AO ESPORTE, À ATIVIDADE FÍSICA E AO LAZER",False,PERCENTUAL DE ATLETAS BENEFICIADOS COM O BOLSA ATLETA COM MELHORA DE DESEMPENHO,False,PERCENTAGEM,86.27,,2023-01-23,90.00,,90.00,,90.00,,90.00,,DIRETORIA DE INCENTIVO AO ESPORTE DE PARTICIPAÇÃO E RENDIMENTO,Anual,Estadual,ATLETAS QUE RECEBEM BOLSA-ATLETA QUE OBTIVERAM MELHORA DE DESEMPENHO DE SUAS MARCAS-COLOCAÇÕES-RANKINGS EM RELAÇÃO AOS NÚMEROS DO ANO ANTERIOR/ TOTAL DE ATLETAS CONTEMPLADOS NA AÇÃO DO BOLSA-ATLETA PLEITEARAM NOVAMENTE O BENEFÍCIO* 100,,,2023-08-07 17:09:00,True,MAIOR
69,"FOMENTO AO ESPORTE, À ATIVIDADE FÍSICA E AO LAZER",False,TAXA DE INTERIORIZAÇÃO DO PROGRAMA,False,PERCENTAGEM,98.57,,2021-07-28,80.00,,80.00,,80.00,,80.00,,SUBSECRETARIA DE ESPORTES A PARTIR DO REGISTRO DE EXECUÇÃO ORÇAMENTÁRIA NO SIAFI/SIGPLAN,Anual,Estadual,"SOMATÓRIA DA DESPESA REALIZADA DO PROGRAMA EM TODAS AS REGIÕES DE PLANEJAMENTO EXCETO A REGIÃO INTERMEDIÁRIA DE BELO HORIZONTE NO ANO ANTERIOR / DESPESA TOTAL REALIZADA DE FOMENTO DO ESPORTE, DA ATIVIDADE FÍSICA E DO LAZER NO ANO ANTERIOR X100",,,2023-08-07 17:10:00,True,MAIOR
69,"FOMENTO AO ESPORTE, À ATIVIDADE FÍSICA E AO LAZER",False,PERCENTUAL DE MUNICÍPIOS MINEIROS COM CONSELHO MUNICIPAL DE ESPORTE ATIVO,False,Percentual,65.18,,2023-03-16,65.00,,65.00,,65.00,,65.00,,"DIRETORIA DE FOMENTO E ORGANIZAÇÃO DE POLÍTICAS ESPORTIVAS, A PARTIR DE DADOS DO SISTEMA ICMS ESPORTIVO",Anual,Estadual,"NÚMERO DE MUNICÍPIOS COM CONSELHO MUNICIPAL DE ESPORTES ATIVO, DIVIDIDO PELO NÚMERO TOTAL DE MUNICÍPIOS MINEIROS (853)",,,2023-07-22 16:11:00,True,MAIOR
69,"FOMENTO AO ESPORTE, À ATIVIDADE FÍSICA E AO LAZER",False,PERCENTUAL DE MUNICÍPIOS MINEIROS BENEFICIADOS POR AÇÕES DA SUBSECRETARIA DE ESPORTES,False,Percentual,49.71,,2021-07-28,70.00,,80.00,,85.00,,85.00,,SUBSECRETARIA DE ESPORTES A PARTIR DO REGISTRO DE EXECUÇÃO FÍSICA NO SIGPLAN,Anual,Estadual,(NUMERO DE MUNICÍPIOS BENEFICIADOS POR NO MÍNIMO UMA AÇÃO DA SUBSECRETARIA DE ESPORTES NO ANO ANTERIOR / TOTAL DE MUNICÍPIOS MINEIROS)*100,,,2023-08-07 17:09:00,True,MAIOR
69,"FOMENTO AO ESPORTE, À ATIVIDADE FÍSICA E AO LAZER",False,PERCENTUAL DE MUNICÍPIOS MINEIROS COM BAIXO IDH-M ATENDIDOS POR AÇÕES DA SUBSECRETARIA DE ESPORTES,False,Percentual,43.84,,2021-07-28,55.00,,70.00,,85.00,,85.00,,SUBSECRETARIA DE ESPORTES A PARTIR DO REGISTRO DE EXECUÇÃO FÍSICA NO SIGPLAN,Anual,Estadual,(NUMERO DE MUNICÍPIOS COM IDH-M BAIXO BENEFICIADOS POR NO MÍNIMO UMA AÇÃO DA SUBSECRETARIA DE ESPORTES NO ANO ANTERIOR / TOTAL DE MUNICIPIOS MINEIROS COM IDH-M BAIXO) *100,,,2023-08-07 17:10:00,True,MAIOR
71,FORTALECIMENTO DO SISTEMA ÚNICO DE ASSISTÊNCIA SOCIAL - SUAS,False,PERCENTUAL DE MUNICÍPIOS APOIADOS TÉCNICA E FINANCEIRAMENTE PELO ESTADO,False,Percentual,95.00,,2023-06-30,96.00,,97.00,,98.00,,100.00,,"SUBSECRETARIA DE ASSISTÊNCIA SOCIAL DA SEDESE - SUPERINTENDÊNCIA DE GESTÃO DO SUAS, VIGILÂNCIA E CAPACITAÇÃO",Anual,Municipal,PERCENTUAL DE MUNICÍPIOS APOIADOS TÉCNICA E FINANCEIRAMENTE PELO ESTADO = QUANTIDADE DE MUNICÍPIOS APOIADOS TÉCNICA E FINANCEIRAMENTE/ TOTAL DE MUNICÍPIOS DO ESTADO.,,,2023-07-31 14:55:00,True,MAIOR
72,DISTRIBUIÇÃO DE ENERGIA ELÉTRICA,False,TAXA DE EXPANSÃO DO SISTEMA DE DISTRIBUIÇÃO,False,%,7.85,,2023-01-12,5.52,,4.58,,5.67,,4.88,,GERÊNCIA DE PLANEJAMENTO DA EXPANSÃO DA DISTRIBUIÇÃO (ED/PS),Anual,Estadual,[(POTÊNCIA ATUAL DE TRANSFORMAÇÃO INSTALADA (MVA) DO SISTEMA DE DISTRIBUIÇÃO - POTÊNCIA DE TRANSFORMAÇÃO INSTALADA (MVA) ANTERIOR) / (POTÊNCIA DE TRANSFORMAÇÃO INSTALADA (MVA) ANTERIOR)]*100.,,,2023-07-31 08:31:00,False,MAIOR
75,AMPLIAÇÃO E MODERNIZAÇÃO DA FUNDAÇÃO HELENA ANTIPOFF,False,PERCENTUAL DE OBRA CONCLUIDA,False,%,,Em Apuração,,30.00,,50.00,,15.00,,5.00,,GERÊNCIA DE LOGÍSTICA E SERVIÇOS GERAIS / ENGENHARIA,Anual,Municipal,"TOTAL ANUAL = &#8721,PERCENTUAL EXECUTADO = CUSTO DA ETAPA CONCLUIDA / CUSTO TOTAL DA OBRA",,"COMO O INDICADOR TRATA DO PERCENTUAL DE EXECUÇÃO DE UMA OBRA, NÃO EXISTE UM ÍNDICE DE REFERÊNCIA, MAS SIM UMA META A SER CUMPRIDA.",2023-07-25 16:01:00,True,MAIOR
75,AMPLIAÇÃO E MODERNIZAÇÃO DA FUNDAÇÃO HELENA ANTIPOFF,False,PERCENTUAL DO COMPLEXO EXPORTIVO REVITALIZADO,False,%,,Em Apuração,,30.00,,40.00,,20.00,,10.00,,GERÊNCIA DE LOGÍSTICA E SERVIÇOS GERAIS,Anual,Estadual,PERCENTUAL EXECUTADO = CUSTO DA ETAPA CONCLUIDA / CUSTO TOTAL DA OBRA*100,,"NÃO HÁ UM ÍNDICE DE REFERÊNCIA, UMA VEZ QUE O INDICADOR É O PERCENTUAL DE OBRA EXECUTADA.",2023-07-25 16:01:00,True,MAIOR
76,DESENVOLVIMENTO DA EDUCAÇÃO PROFISSIONAL TÉCNICA,False,ALUNO ATENDIDO,False,UNIDADE,880.00,,2023-07-24,900.00,,900.00,,900.00,,900.00,,FUNDAÇÃO HELENA ANTIPOFF,Mensal,Estadual,NUMERO DE ALUNOS ATENDIDOS,,,2023-07-25 16:10:00,True,MAIOR
81,DESENVOLVIMENTO SUSTENTÁVEL DA INFRAESTRUTURA RODOVIÁRIA,False,EVOLUÇÃO DA QUALIDADE DA MALHA,False,KM DE RODOVIAS EM BOAS CONDIÇÕES / KM TOTAL DA MALHA,1.49,,2024-12-31,,,,,,,,,,,,,,,2023-07-25 17:19:00,True,
82,PROMOÇÃO DA SEGURANÇA VIÁRIA,False,NÚMERO DE ACIDENTES POR 10.000 HABITANTES,False,UNIDADE,1.49,,2024-12-31,1.45,,1.41,,1.37,,1.33,,DEPARTAMENTO DE ESTRADAS DE RODAGEM DO ESTADO DE MINAS GERAIS - DER/MG.,Anual,Estadual,TAXA DE ACIDENTES = MÉDIA(NÚMERO DE ACIDENTES DA REGIÃO DE PLANEJAMENTO/POPULAÇÃO DA REGIÃO DE PLANEJAMENTO)*10.000 HAB.,,,2023-07-25 16:00:00,True,MENOR
85,PROMOÇÃO DE CONCESSÕES E PARCERIAS,False,CONTRATOS DE CONCESSÕES E PARCERIAS PÚBLICO-PRIVADOS VIGENTES,False,UNIDADE,18.00,,2023-07-24,18.00,,18.00,,18.00,,21.00,,,Anual,Estadual,QUANTIDADE DE CONTRATOS CONCESSÕES E PARCERIAS PÚBLICO-PRIVADAS VIGENTES NO ANO DE APURAÇÃO,,,2023-07-24 15:25:00,True,MAIOR
87,"ASSISTÊNCIA EM HEMATOLOGIA, HEMOTERAPIA,CÉLULAS E TECIDOS BIOLÓGICOS",False,TAXA DE APROVEITAMENTO DE HEMOCOMPONENTES,False,%,60.00,,2020-12-31,85.00,,85.00,,85.00,,85.00,,FUNDAÇÃO HEMOMINAS/DIRETORIA TÉCNICO CIENTÍFICA,Anual,Estadual,(PRODUÇÃO DE HEMOCOMPONENTES – PERDA TÉCNICA) * 100/PRODUÇÃO TOTAL,,,2023-07-26 10:12:00,True,MAIOR
88,SERVIÇOS DE SAÚDE PRESTADOS PELO IPSEMG NA REDE PRÓPRIA,False,MÉDIA DE PERMANÊNCIA - HGIP				,False,dias,7.10,,2023-06-30,7.20,,7.20,,7.20,,7.20,,"PLANILHA SISTEMATIZADA HGIP, ELABORADA PELO GRUPO DE OBTENÇÃO DE DADOS - GOD DA DIRETORIA DE SAÚDE E RELATÓRIOS DO SISTEMA MV				",Mensal,Municipal,SOMA DOS TEMPOS DE ESTADIA DOS PACIENTES-DIA / TOTAL DE SAÍDAS				,,,2023-08-02 10:36:00,True,MENOR
88,SERVIÇOS DE SAÚDE PRESTADOS PELO IPSEMG NA REDE PRÓPRIA,False,TAXA DE OCUPAÇÃO HOSPITALAR - HGIP				,False,Percentual,79.10,,2022-12-31,80.00,,82.00,,84.00,,85.00,,RELATÓRIO DO SISTEMA SOUL MV				,Anual,Municipal,(TOTAL DE PACIENTES-DIA NO PERÍODO / TOTAL DE LEITOS-DIAS OPERACIONAIS NO PERÍODO) X 100				,,,2023-08-03 11:40:00,True,MAIOR
88,SERVIÇOS DE SAÚDE PRESTADOS PELO IPSEMG NA REDE PRÓPRIA,False,ÍNDICE DE REAPROVEITAMENTO DE CONSULTAS - GECEM				,False,Percentual,45.00,,2023-06-30,55.00,,57.00,,59.00,,61.00,,SISTEMA SIAS-AGENDA E RELATÓRIO DA GERÊNCIA DO CENTRO DE ESPECIALIDADES MÉDICAS.				,Bimestral,Municipal,(NÚMERO TOTAL DE PACIENTES REALOCADOS / NÚMERO TOTAL DE VAGAS PROVENIENTES DE ABSENTEÍSMO) X 100				,,,2023-07-31 10:40:00,True,MAIOR
88,SERVIÇOS DE SAÚDE PRESTADOS PELO IPSEMG NA REDE PRÓPRIA,False,TAXA DE MORTALIDADE INSTITUCIONAL - HGIP				,False,Percentual,4.85,,2023-06-30,4.80,,4.70,,4.60,,4.50,,"PLANILHA SISTEMATIZADA HGIP, ELABORADA PELO GRUPO DE OBTENÇÃO DE DADOS - GOD DA DIRETORIA DE SAÚDE E RELATÓRIOS DO SISTEMA MV				",Mensal,Municipal,(NÚMERO DE ÓBITOS APÓS 24 HORAS DE INTERNAÇÃO / TOTAL DE SAÍDAS) X 100				,,,2023-08-03 11:38:00,True,MENOR
88,SERVIÇOS DE SAÚDE PRESTADOS PELO IPSEMG NA REDE PRÓPRIA,False,TAXA DE REINTERNAÇÃO - HGIP				,False,Percentual,5.25,,2023-06-30,5.24,,5.00,,5.00,,5.00,,"PLANILHA SISTEMATIZADA HGIP, ELABORADA PELO GRUPO DE OBTENÇÃO DE DADOS - GOD DA DIRETORIA DE SAÚDE				",Mensal,Municipal,(NÚMERO DE REINTERNAÇÕES NÃO PROGRAMADAS PELA MESMA CAUSA ATÉ 30 DIAS DA ALTA HOSPITALAR / TOTAL DE SAÍDAS) X 100				,,,2023-08-03 11:41:00,True,MENOR
88,SERVIÇOS DE SAÚDE PRESTADOS PELO IPSEMG NA REDE PRÓPRIA,False,MÉDIA MENSAL DE CIRURGIAS REALIZADAS - HGIP								,False,Cirurgias/mês,421.00,,2023-06-30,500.00,,550.00,,600.00,,650.00,,RELATÓRIO DO SISTEMA SOUL MV							,Bimestral,Municipal,NÚMERO DE CIRURGIAS REALIZADAS NO HGIP / NÚMERO DE MESES APURADOS								,,,2023-08-07 10:32:00,True,MAIOR
88,SERVIÇOS DE SAÚDE PRESTADOS PELO IPSEMG NA REDE PRÓPRIA,False,MÉDIA MENSAL DE PROCEDIMENTOS REALIZADOS - GEODONT				,False,Procedimentos/mês,10564.00,,2023-12-31,11018.00,,11294.00,,11576.00,,11866.00,,SAFE - SISTEMA DE AUTORIZAÇÃO E FATURAMENTO ELETRÔNICO DO IPSEMG. 				,Bimestral,Municipal,NÚMERO DE PROCEDIMENTOS REALIZADOS NA GEODONT/ NÚMERO DE MESES APURADOS				,,,2023-08-07 10:55:00,True,MAIOR
89,"MEMÓRIA VIVA: DIFUSÃO CULTURAL, PATRIMÔNIO MATERIAL E IMATERIAL",False,PARTICIPAÇÃO EM EXPOSIÇÕES TEMPORÁRIAS,False,UNIDADE,6.00,,2023-07-25,7.00,,8.00,,9.00,,9.00,,RELATÓRIO EXPEDIDO PELO MUSEU HELENA ANTIPOFF,Anual,Nacional,SOMA DE PARTICIPAÇÃO EM EXPOSIÇÕES.,,,2023-07-25 16:18:00,True,MAIOR
90,ASSISTÊNCIA TECNICA E EXTENSÃO RURAL PARA O ESTADO DE MINAS GERAIS,False,CLIENTES ASSISTIDOS,False,,40000.00,,2022-12-22,40000.00,,40000.00,,40000.00,,40000.00,,EMATER MG/DEPGE,Anual,Estadual,NÃO SE APLICA. VALOR ABSOLUTO,,,2023-08-02 11:20:00,True,MAIOR
90,ASSISTÊNCIA TECNICA E EXTENSÃO RURAL PARA O ESTADO DE MINAS GERAIS,False,ATENDIMENTOS REALIZADOS EM CAFEICULTURA,False,Nº de Atendimentos Realizados,110000.00,,2022-12-31,110000.00,,110000.00,,110000.00,,110000.00,,EMATER MG/DEPGE,Anual,Estadual,NÃO SE APLICA. VALOR ABSOLUTO.,,,2023-08-02 11:28:00,True,MAIOR
90,ASSISTÊNCIA TECNICA E EXTENSÃO RURAL PARA O ESTADO DE MINAS GERAIS,False,ATENDIMENTOS REALIZADOS EM BOVINOCULTURA,False,Nº de Atendimentos Realizados,220000.00,,2022-12-31,220000.00,,220000.00,,220000.00,,220000.00,,EMATER MG/DEPGE,Anual,Estadual,NÃO SE APLICA. VALOR ABSOLUTO.,,,2023-08-02 11:27:00,True,MAIOR
90,ASSISTÊNCIA TECNICA E EXTENSÃO RURAL PARA O ESTADO DE MINAS GERAIS,False,ATENDIMENTOS REALIZADOS EM COMERCIALIZAÇÃO E GESTÃO,False,Nº de Atendimentos Realizados,300000.00,,2022-12-31,300000.00,,300000.00,,300000.00,,300000.00,,EMATER MG/DEPGE,Anual,Estadual,NÃO SE APLICA. VALOR ABSOLUTO.,,,2023-08-02 11:29:00,True,MAIOR
90,ASSISTÊNCIA TECNICA E EXTENSÃO RURAL PARA O ESTADO DE MINAS GERAIS,False,ATENDIMENTOS REALIZADOS EM CRIAÇÕES,False,Nº de Atendimentos Realizados,110000.00,,2022-12-31,110000.00,,110000.00,,110000.00,,110000.00,,EMATER MG/DEPGE,Anual,Estadual,NÃO SE APLICA. VALOR ABSOLUTO.,,,2023-08-02 11:30:00,True,MAIOR
90,ASSISTÊNCIA TECNICA E EXTENSÃO RURAL PARA O ESTADO DE MINAS GERAIS,False,ATENDIMENTOS REALIZADOS EM CULTURAS,False,Nº de Atendimentos Realizados,170000.00,,2022-12-31,170000.00,,170000.00,,170000.00,,170000.00,,EMATER MG/DEPGE,Anual,Estadual,NÃO SE APLICA. VALOR ABSOLUTO.,,,2023-08-02 11:31:00,True,
90,ASSISTÊNCIA TECNICA E EXTENSÃO RURAL PARA O ESTADO DE MINAS GERAIS,False,ATENDIMENTOS REALIZADOS EM HORTALIÇAS E FRUTAS,False,Nº de Atendimentos Realizados,300000.00,,2022-12-31,300000.00,,300000.00,,300000.00,,300000.00,,EMATER MG/DEPGE,Anual,Estadual,NÃO SE APLICA. VALOR ABSOLUTO.,,,2023-08-02 11:31:00,True,MAIOR
90,ASSISTÊNCIA TECNICA E EXTENSÃO RURAL PARA O ESTADO DE MINAS GERAIS,False,ATENDIMENTOS REALIZADOS EM INCLUSÃO PRODUTIVA,False,Nº de Atendimentos Realizados,480000.00,,2022-12-31,480000.00,,480000.00,,480000.00,,480000.00,,EMATER MG/DEPGE,Anual,Estadual,NÃO SE APLICA. VALOR ABSOLUTO.,,,2023-08-02 11:32:00,True,MAIOR
90,ASSISTÊNCIA TECNICA E EXTENSÃO RURAL PARA O ESTADO DE MINAS GERAIS,False,ATENDIMENTOS REALIZADOS EM SEGURANÇA HÍDRICA E SUSTENTABILIDADE AMBIENTAL,False,Nº de Atendimentos Realizados,240000.00,,2022-12-31,240000.00,,240000.00,,240000.00,,240000.00,,EMATER MG/DEPGE,Anual,Estadual,NÃO SE APLICA. VALOR ABSOLUTO.,,,2023-08-02 11:33:00,True,MAIOR
90,ASSISTÊNCIA TECNICA E EXTENSÃO RURAL PARA O ESTADO DE MINAS GERAIS,False,ATENDIMENTOS REALIZADOS EM AGROECOLOGIA,False,Nº de Atendimentos Realizados,70000.00,,2022-12-31,70000.00,,70000.00,,70000.00,,70000.00,,EMATER MG/DEPGE,Anual,Estadual,NÃO SE APLICA. VALOR ABSOLUTO.,,,2023-08-02 11:25:00,True,MAIOR
91,APRIMORAMENTO DA GESTÃO PÚBLICA POR MEIO DE ENSINO DE EXCELÊNCIA,False,"CAPACIDADE DE INOVAR NO SETOR PÚBLICO, FORMAR, CAPACITAR E QUALIFICAR AS PESSOAS PARA A ADMINISTRAÇÃO PÚBLICA",False,número absoluto,2265.00,,2021-12-31,2265.00,,2265.00,,2265.00,,,Em Apuração,FUNDAÇÃO JOÃO PINHEIRO,Anual,Nacional,(META FÍSICA ESTIMADA PARA O ANO/100) * 80,,,2023-08-02 10:58:00,True,MAIOR
92,TRANSMISSÃO DE ENERGIA ELÉTRICA,False,TAXA DE EXPANSÃO DO SISTEMA DE TRANSMISSÃO,False,%,2.42,,2023-01-12,0.00,,13.08,,0.00,,0.00,,REFORÇOS E MELHORIAS TRANSMISSÃO EO/RM,Anual,Estadual,[(POTÊNCIA ATUAL DE TRANSFORMAÇÃO INSTALADA (MVA) - POTÊNCIA TRANSFORMAÇÃO INSTALADA (MVA) ANO ANTERIOR)/ (POTÊNCIA TRANSFORMAÇÃO INSTALADA (MVA) ANO ANTERIOR)]*100,,,2023-07-31 09:10:00,False,MAIOR
94,GERAÇÃO DE ENERGIA ELÉTRICA,False,TAXA DE CRESCIMENTO ANUAL DA CAPACIDADE INSTALADA DE GERAÇÃO DE ENERGIA ELÉTRICA,False,%,-4.13,,2023-01-18,-7.79,,0.00,,0.00,,-1.47,,GERÊNCIA DE PLANEJAMENTO ENERGÉTICO (EO/PE),Anual,Estadual,[(CAPACIDADE INSTALADA DE GERAÇÃO DE ENERGIA ELÉTRICA ATUAL - CAPACIDADE INSTALADA DO ANO ANTERIOR) / (CAPACIDADE INSTALADA DO ANO ANTERIOR)]*100,,,2023-07-31 09:53:00,False,MAIOR
99,"DESENVOLVIMENTO DA INFRAESTRUTURA ESTADUAL, MUNICIPAL E REGIONAL",False,ÍNDICE ACUMULADO DE MUNICÍPIOS MINEIROS ATENDIDOS PELAS AÇÕES DE DESENVOLVIMENTO DA INFRAESTRUTURA,False,%,20.00,,2020-12-31,20.00,,25.00,,30.00,,35.00,,"SECRETARIA DE ESTADO DE INFRAESTRUTURA, MOBILIDADE E PARCERIAS - SEINFRA",Anual,Estadual,"(SOMATÓRIO DO Nº DE DIFERENTES MUNICÍPIOS ATENDIDOS COM A CELEBRAÇÃO DE CONVÊNIOS E/OU A DOAÇÃO DE MATERIAIS EM 2024, 2025, 2026 E 2027 / 853) * 100%",,,2023-07-25 10:58:00,True,
100,MAIS TURISTAS,False,FLUXO TURÍSTICO EM MINAS GERAIS,False,turista,30866817.00,,2022-12-30,31603402.00,,32573589.00,,33573561.00,,34604231.00,,SUBSECRETARIA DE TURISMO,Anual,Estadual,SOMATÓRIO [(Nº TOTAL DE VAGAS OFERTADAS EM HOTÉIS LEVANTADAS PELA RELAÇÃO ANUAL DE INFORMAÇÕES SOCIAIS (RAIS) E INVENTÁRIOS X TAXA DE OCUPAÇÃO MÉDIA DOS HOTÉIS LEVANTADOS PELOS BOLETINS DE OCUPAÇÃO HOTELEIRA (BOHS) X 100)/(PERCENTUAL DE OCUPAÇÃO EM HOTÉIS LEVANTADO PELA PESQUISA DE DEMANDA)],,,2023-07-31 14:57:00,True,MAIOR
102,FOMENTO À ECONOMIA DA CRIATIVIDADE,False,NÚMERO DE MUNICÍPIOS BENEFICIADOS PELO ICMS PATRIMÔNIO CULTURAL,False,Município Beneficiado,835.00,,2022-12-31,839.00,,839.00,,839.00,,839.00,,INSTITUTO ESTADUAL DO PATRIMÔNIO HISTÓRICO E ARTÍSTICO - IEPHA,Anual,Estadual,NÚMERO TOTAL DE MUNICÍPIOS BENEFICIADOS,,,2023-07-31 15:27:00,True,MAIOR
102,FOMENTO À ECONOMIA DA CRIATIVIDADE,False,PROJETOS ANUALMENTE APROVADOS PELO FEC E LEIC,False,Projeto Aprovado,1002.00,,2022-12-31,800.00,,950.00,,1100.00,,1250.00,,SECRETARIA DE ESTADO DE CULTURA E TURISMO - SECULT,Anual,Estadual,SOMATÓRIO DE PROJETOS APROVADOS,,,2023-07-31 15:15:00,True,MAIOR
103,"ESPAÇOS CULTURAIS, CORPOS ARTÍSTICOS E ÓRGÃOS COLEGIADOS",False,"NÚMERO DE ATIVIDADES CULTURAIS DA ORQUESTRA FILARMÔNICA, ORQUESTRA SINFÔNICA, CORAL LÍRICO DA CIA DE DANÇA, DO CINE HUMBERTO MAURO, ARTES VISUAIS",False,Atividade,4410.00,,2022-12-31,3874.00,,3874.00,,3874.00,,3874.00,,FUNDAÇÃO CLÓVIS SALGADO E SECULT (COMISSÃO SUPERVISORA DO CONTRATO DE GESTÃO DA ORQUESTRA FILARMÔNICA),Anual,Estadual,"SOMATÓRIO DAS ATIVIDADES DESENVOLVIDAS PELA ORQUESTRA FILARMÔNICA, ORQUESTRA SINFÔNICA, CORAL LÍRICO, CIA DE DANÇA, CINE HUMBERTO MAURO, ARTES VISUAIS",,,2023-07-31 15:41:00,True,MAIOR
103,"ESPAÇOS CULTURAIS, CORPOS ARTÍSTICOS E ÓRGÃOS COLEGIADOS",False,PÚBLICO DO CIRCUITO LIBERDADE,True,visitante,2765909.00,,2022-12-31,9600000.00,,10000000.00,,11000000.00,,12000000.00,,SECRETARIA DE ESTADO DE CULTURA E TURISMO - SECULT,Anual,Estadual,"SOMA ENTRE O NÚMERO DE VISITAS PRESENCIAIS E O NÚMERO DE PARTICIPAÇÕES NOS CONTEÚDOS VIRTUAIS OFERTADOS PELOS EQUIPAMENTOS DO CIRCUITO LIBERDADE EM SUAS PLATAFORMAS, INCLUINDO AS ATIVIDADES VIRTUAIS",,,2023-08-09 10:26:00,True,
105,FORMAÇÃO E CAPACITAÇÃO TÉCNICO-CULTURAL,False,Nº DE PESSOAS INSCRITAS/MATRICULADAS NO CEFART E ESCOLAS E CURSOS DA FAOP,False,PESSOA INSCRITA/MATRICULADA,2495.00,,2022-12-31,1650.00,,1700.00,,1700.00,,1700.00,,FUNDAÇÃO DE ARTE DE OURO PRETO E FUNDAÇÃO CLÓVIS SALGADO,Anual,Estadual,SOMATÓRIO DAS PESSOAS MATRICULADAS/INSCRITAS NOS CURSOS OFERTADOS PELO CEFART E NAS ESCOLAS E CURSOS DA FAOP,,,2023-07-31 15:39:00,True,MAIOR
106,PROTEÇÃO E SALVAGUARDA DE ACERVOS E BENS CULTURAIS,False,"Nº DE BENS E ACERVOS CULTURAIS PRESERVADOS POR MEIO DE PROTEÇÃO, CONSERVAÇÃO OU RESTAURAÇÃO PELO IEPHA E PELA FAOP",False,BEM/ACERVO PRESERVADO,73.00,,2022-12-31,58.00,,63.00,,63.00,,63.00,,INSTITUTO ESTADUAL DO PATRIMÔNIO HISTÓRICO E ARTÍSTICO - IEPHA E FUNDAÇÃO DE ARTE DE OURO PRETO - FAOP,Anual,Estadual,"SOMATÓRIO DOS BENS E ACERVOS PRESERVADOS POR MEIO DE PROTEÇÃO, CONSERVAÇÃO OU RESTAURAÇÃO PELO IEPHA E PELA FAOP.",,,2023-07-31 15:38:00,True,MAIOR
109,GESTÃO DE CERIMONIAL E EVENTOS,False,ÍNDICE DE EVENTOS REALIZADOS NAS 13 REGIÕES GEOGRÁFICAS INTERMEDIÁRIAS MINEIRAS.,False,Percentual %,100.00,,2022-12-31,80.00,,80.00,,80.00,,80.00,,SUBSECRETARIA DE CERIMONIAL E EVENTOS,Anual,Estadual,QUANTIDADE DE REGIÕES GEOGRÁFICAS QUE TIVERAM EVENTOS X 100/ QUANTIDADE TOTAL DE REGIÕES GEOGRÁFICAS INTERMEDIÁRIAS.,,,2023-07-27 15:15:00,True,MAIOR
115,GESTÃO DO PROCESSO LEGISLATIVO ESTADUAL SOB A RESPONSABILIDADE DO PODER EXECUTIVO,False,ACOMPANHAMENTO DO PROCESSO LEGISLATIVO,False,Percentual %,100.00,,2023-07-06,100.00,,100.00,,100.00,,100.00,,SUPERINTENDÊNCIA DE GESTÃO DA INFORMAÇÃO E AVALIAÇÃO LEGISLATIVA,Bimestral,Estadual,"(&#8721, DE TODAS AS PROPOSIÇÕES ACOMPANHADAS NO PERÍODO (BIMESTRE)/TOTAL DE PROPOSIÇÕES QUE SEGUEM PREMISSAS DEFINIDAS NO CRITÉRIO DE ACEITAÇÃO NAQUELE PERÍODO) *100",,,2023-07-26 11:53:00,True,MAIOR
117,"MOBILIDADE, TRANSPORTES E LOGÍSTICA",False,"PERCENTUAL DE EXECUÇÃO DE PLANEJAMENTOS, EVENTOGRAMAS E PROGRAMAS DE EXPLORAÇÃO DE RODOVIAS",False,%,,Em Apuração,,60.00,,65.00,,70.00,,75.00,,,Anual,Estadual,"{ [(QUANTIDADE DE INVESTIMENTOS DOS PROGRAMAS DE EXPLORAÇÃO RODOVIÁRIOS EXECUTADOS NO ANO ANALISADO DOS CONTRATOS DE CONCESSÃO RODOVIÁRIA VIGENTES) / (QUANTIDADE DE INESTIMENTOS PREVISTOS NOS PROGRAMAS DE EXPLORAÇÃO RODOVIÁRIOS DOS CONTRATOS DE CONCESSÃO RODOVIÁRIA VIGENTES NO ANO ANALISADO) *0,3] + [(QUANTIDADE AÇÕES DO EVENTOGRAMA DO METRÔ EXECUTADAS NO ANO ANALISADO) / (QUANTIDADE AÇÕES PREVISTAS NO EVENTOGRAMA CONTRATUAL DO METRÔ NO ANO ANALISADO) *0,35] + [(QUANTIDADE ATIVIDADES DO CRONOGRAMA DO PELT EXECUTADAS NO ANO ANALISADO) / (QUANTIDADE ATIVIDADES DO CRONOGRAMA DO PELT PREVISTAS NO ANO ANALISADO) *0,35] } *100",,,2023-07-25 15:28:00,True,MAIOR
119,APOIO AO DESENVOLVIMENTO MUNICIPAL E À COORDENAÇÃO DAS TRANSFERÊNCIAS ESTADUAIS DE RECURSOS FINANCEIROS,False,PERCENTUAL DE INSTRUMENTOS CELEBRADOS QUE NÃO APRESENTEM IMPEDIMENTOS DE ORDEM TÉCNICA PARA PAGAMENTO PAGOS,False,Percentual %,100.00,,2023-12-31,100.00,,100.00,,100.00,,100.00,,SECRETARIA DE ESTADO DE GOVERNO,Anual,Estadual,(NÚMERO DE INSTRUMENTOS CELEBRADOS QUE TIVERAM COMO ORIGEM EMENDA PARLAMENTAR INDIVIDUAL IMPOSITIVA PAGOS)/ NÚMERO DE INSTRUMENTOS CELEBRADOS QUE TIVERAM COMO ORIGEM EMENDA PARLAMENTAR INDIVIDUAL IMPOSITIVA)X100,,,2023-07-25 16:15:00,True,MAIOR
120,PRODUÇÃO E VEICULAÇÃO DO DIÁRIO OFICIAL ELETRÔNICO MINAS GERAIS,False,DIÁRIOS OFICIAIS PUBLICADOS NA INTERNET (EM ANOS),False,ANO,1.00,,2023-07-01,15.00,,15.00,,15.00,,25.00,,"DIRETORIA DE EDITORAÇÃO E PUBLICAÇÃO E DIRETORIA DE GESTÃO E RELACIONAMENTO, AMBAS SUBORDINADAS A SGDOF",Anual,Estadual,"VA =  N-HIST + N-ATUAL, ONDE: VA = VALOR APURADO N-HIST = TOTAL DE ANOS DO DOMG-E COMPREENDIDOS ENTRE 1944 E 2009, DIGITALIZADOS E PUBLICADOS NA INTERNET N-ATUAL = 1 ANO DO DOMG-E, REFERENTE AO ANO CORRENTE DA APURAÇÃO",,,2023-07-25 17:22:00,True,MAIOR
121,ACESSO E ALCANCE À COMUNICAÇÃO DE INTERESSE PÚBLICO,False,PERCENTUAL DE MUNICÍPIOS COM COBERTURA DE SINAL BROADCASTING E CONSUMO DE PRODUTOS ONLINE E VOD,False,%,39.00,,2023-06-30,50.00,,60.00,,70.00,,80.00,,EMPRESA MINEIRA DE COMUNICAÇÃO,Semestral,Estadual,"PERCENTUAL DE COBERTURA DE SINAL BROADCASTING (BANDAS DE FREQUÊNCIA AM E FM, SINAL DE TV), VOD-ONLINE (SITE, EMCPLAY E APLICATIVO DE ÁUDIO, VÍDEO, TELEVISÃO E INTERNET) = NÚMERO DE MUNICÍPIOS MINEIROS COM ACESSO DE SINAL BROADCASTING (BANDAS DE FREQUÊNCIA AM E FM E TV) + NÚMERO DE MUNICÍPIOS COM ALCANCE VOD-ONLINE) – NÚMERO DE MUNICÍPIOS IGUAIS EM ALCANCE E ACESSO / POR 853 X 100",,,2023-07-26 08:47:00,True,MAIOR
122,FORTALECIMENTO DA GESTÃO DAS TRANSFERÊNCIAS ESTADUAIS,False,AUMENTO DO PERCENTUAL DE SATISFAÇÃO DOS USUÁRIOS DOS SISTEMAS DE GESTÃO DE TRANSFERÊNCIAS ESTADUAIS E EMENDAS PARLAMENTARES,False,Percentual %,,Em Apuração,,2.50,,2.50,,2.50,,2.50,,SUBSECRETARIA DE GESTÃO DAS TRANSFERÊNCIAS ESTADUAIS,Anual,Estadual,(PERCENTUAL MÉDIO DE SATISFAÇÃO ATUAL) – (PERCENTUAL MÉDIO DE SATISFAÇÃO DO ANO ANTERIOR),,ATUALMENTE NÃO EXISTE PROCESSO ESTRUTURADO DE MONITORAMENTO DA SATISFAÇÃO DOS USUÁRIOS DOS SISTEMAS. O PROCESSO SERÁ IMPLEMENTADO EM 2023 PARA ACOMPANHAMENTO A PARTIR DE 2024.,2023-07-26 15:00:00,True,MAIOR
126,EXPLORAÇÃO DE JOGOS LOTÉRICOS E SIMILARES,False,INDICE DE SUSTENTABILIDADE DA EXPLORAÇÃO DOS JOGOS LOTÉRICOS E SIMILARES,False,Número Índice,3.50,,2024-01-25,3.00,,,Em Apuração,,Em Apuração,,Em Apuração,,Anual,Estadual,"VALOR ARRECADO COM A EPLORAÇÃO DE JOGOS LOTÉRICOS E SIMILARES, SOMADOS AOS RECURSOS FINACEIROS DISPONÍVEIS ATÉ O EXERCÍCIO ANTERIOR PARA LIVRE UTILIZAÇÃO, DEDUZINDO O VALOR TOTAL DESTINADO AO FUNCIONAMENTO DA LEMG, INCLUINDO PESSOAL ATIVO E INATIVO, DIVIDIDO PELO VALOR TOTAL DESTINADO AO FUNCIONAMENTO DA LEMG, INCLUINDO PESSOAL ATIVO E INATIVO.",,,2023-08-08 14:16:00,True,MAIOR
129,PREVENÇÃO À CRIMINALIDADE,False,MÉDIA TRIMESTRAL DE AÇÕES ESTRATÉGICAS JUNTO ÀS UNIDADES SOCIOEDUCATIVAS,False,Média,235.00,,2023-06-30,375.00,,425.00,,475.00,,500.00,,SUBSECRETARIA DE PREVENÇÃO SOCIAL À CRIMINALIDADE,Trimestral,Estadual,SOMA DO NÚMERO DE AÇÕES ESTRATÉGICAS JUNTO ÀS UNIDADES SOCIOEDUCATIVAS POR TRIMESTRE / Nº DE TRIMESTRES CONSIDERADOS,,,2023-07-27 09:12:00,True,MAIOR
129,PREVENÇÃO À CRIMINALIDADE,False,MÉDIA TRIMESTRAL DE ARTICULAÇÃO DE REDE DO PROGRAMA SELO PREVENÇÃO MINAS,False,Média,263.00,,2023-06-30,266.00,,279.00,,293.00,,308.00,,SUBSECRETARIA DE PREVENÇÃO SOCIAL À CRIMINALIDADE,Trimestral,Estadual,SOMA DO NÚMERO DE ARTICULAÇÕES DE REDE DO PROGRAMA SELO PREVENÇÃO MINAS POR TRIMESTRE / Nº DE TRIMESTRES CONSIDERADOS,,,2023-07-27 09:15:00,True,MAIOR
129,PREVENÇÃO À CRIMINALIDADE,False,PERCENTUAL DE ADESÃO DOS EGRESSOS ATENDIDOS AO PRESP,False,%,80.44,,2023-06-30,78.00,,78.00,,78.00,,78.00,,SUBSECRETARIA DE PREVENÇÃO SOCIAL À CRIMINALIDADE,Anual,Estadual,(Nº DE ATENDIMENTOS DE RETORNO / Nº DE ATENDIMENTOS TOTAIS DE EGRESSOS NO PERÍODO) X 100%,,,2023-07-27 09:19:00,True,MAIOR
129,PREVENÇÃO À CRIMINALIDADE,False,PERCENTUAL DE ALTERNATIVAS PENAIS CUMPRIDAS,False,%,72.05,,2023-06-30,72.50,,73.00,,73.50,,74.00,,SUBSECRETARIA DE PREVENÇÃO SOCIAL À CRIMINALIDADE,Anual,Estadual,(NÚMERO DE ALTERNATIVAS PENAIS QUE BAIXADAS POR CUMPRIMENTO INTEGRAL OU INDULTO / TOTAL DE PENAS BAIXADAS NO PROGRAMA NO PERÍODO) X 100,,,2023-08-03 10:02:00,True,MAIOR
129,PREVENÇÃO À CRIMINALIDADE,False,MÉDIA MENSAL DE PESSOAS ATENDIDAS PELO PROGRAMA MEDIAÇÃO DE CONFLITOS,False,pessoas atendidas/mês,2556.00,,2023-06-30,3000.00,,3500.00,,4000.00,,4500.00,,SUBSECRETARIA DE PREVENÇÃO SOCIAL À CRIMINALIDADE,Anual,Estadual,(SOMATÓRIO DO NÚMERO ABSOLUTO DE PESSOAS ATENDIDAS PELO PROGRAMA EM CADA MÊS / NÚMERO DE MESES DO ANO),,,2023-08-03 09:55:00,True,MAIOR
129,PREVENÇÃO À CRIMINALIDADE,False,MÉDIA MENSAL DE JOVENS EM OFICINAS DO PROGRAMA FICA VIVO!,False,JOVEM,7342.00,,2023-06-30,7750.00,,8000.00,,8500.00,,9000.00,,SUBSECRETARIA DE PREVENÇÃO SOCIAL À CRIMINALIDADE,Anual,Estadual,(SOMATÓRIO DO NÚMERO ABSOLUTO DE JOVENS QUE FREQUENTARAM AS OFICINAS DO PROGRAMA EM CADA MÊS) / (NÚMERO DE MESES DO ANO),,,2023-07-27 08:56:00,True,MAIOR
130,INFRAESTRUTURA DO SISTEMA PRISIONAL,False,NÚMERO DE INDIVÍDUOS PRIVADOS DE LIBERDADE CUSTODIADOS EM CUSTÓDIAS ALTERNATIVAS (APAC E CURAR) POR VAGAS DISPONÍVEIS EM CUSTÓDIAS ALTERNATIVAS (APAC E CURAR),False,TAXA DE OCUPAÇÃO,0.83,,2023-07-18,0.83,,0.83,,0.83,,0.83,,SUPERINTENDÊNCIA DO OBSERVATÓRIO DE SEGURANÇA PÚBLICA,Anual,Estadual,SOMA DA POPULAÇÃO CARCERÁRIA CUSTODIADAS EM APACS NO ESTADO / SOMA DAS VAGAS DISPONÍVEIS EM APACS NO ESTADO.,,,2023-08-03 10:55:00,True,MAIOR
130,INFRAESTRUTURA DO SISTEMA PRISIONAL,False,NÚMERO DE INDIVÍDUOS PRIVADOS DE LIBERDADE CUSTODIADOS EM UNIDADES PRISIONAIS POR VAGA DISPONÍVEL EM UNIDADES PRISIONAIS,False,TAXA DE OCUPAÇÃO,1.57,,2023-07-17,1.59,,1.59,,1.59,,1.59,,SUPERINTENDÊNCIA DE GESTÃO DE VAGAS,Anual,Estadual,SOMA DA POPULAÇÃO CARCERÁRIA EM UNIDADES PRISIONAIS DO ESTADO / SOMA DAS VAGAS DISPONÍVEIS NAS UNIDADES PRISIONAIS DO ESTADO,,,2023-08-03 11:10:00,True,MENOR
131,"ARTICULAÇÃO, ATRAÇÃO DE INVESTIMENTOS E CAPTAÇÃO DE RECURSOS E PARCERIAS",False,PERCENTUAL DE PROPOSTAS DE CAPTAÇÃO DE RECURSOS APRESENTADAS COM PRÉ-QUALIFICAÇÃO REALIZADA,False,Percentual,100.00,,2022-12-31,100.00,,100.00,,100.00,,100.00,,SECRETARIA DE ESTADO DE CASA CIVIL,Anual,Estadual,(NÚMERO DE PROPOSTAS CADASTRADAS E ENVIADAS PELOS PROPONENTES NA PLATAFORMA +BRASIL PRÉ-QUALIFICADAS PELA DCGCE/ NÚMERO DE PROPOSTAS CADASTRADAS E ENVIADAS PELOS PROPONENTES NA PLATAFORMA +BRASIL)*100,,,2023-07-27 19:06:00,True,MAIOR
134,GESTÃO INTEGRADA DE SEGURANÇA PÚBLICA,False,ÍNDICE DE APURAÇÃO DE DENÚNCIAS RECEBIDAS NO DISQUE DENÚNCIA UNIFICADO,False,Percentual %,83.74,,2023-05-01,80.00,,80.00,,80.00,,80.00,,SISTEMA DE INFORMAÇÃO DO DISQUE DENÚNCIA UNIFICADO,Anual,Estadual,"DENÚNCIAS APURADAS (&#55349,&#56375,&#55349,&#56372,) = DENÚNCIAS RESPONDIDAS/TOTAL DE DENÚNCIAS ACATADAS",,,2023-07-28 09:50:00,True,MAIOR
134,GESTÃO INTEGRADA DE SEGURANÇA PÚBLICA,False,ÍNDICE DE SATISFAÇÃO DOS DISCENTES COM OS CURSOS OFERECIDOS PELA ACADEMIA ESTADUAL DE SEGURANÇA PÚBLICA,False,Percentual %,85.90,,2022-12-31,87.00,,88.00,,88.00,,88.00,,ACADEMIA ESTADUAL DE SEGURANÇA PÚBLICA - AESP,Anual,Estadual,[(SOMA DAS AVALIAÇÕES DOS DISCENTES DOS CURSOS OFERECIDOS PELA AESP / NÚMERO DE ALUNOS PARTICIPANTES DOS CURSOS DA AESP) – VALOR MÍNIMO DA ESCALA] ÷ (VALOR MÁXIMO DA ESCALA – VALOR MÍNIMO DA ESCALA) X 100,,,2023-07-28 09:55:00,True,MAIOR
134,GESTÃO INTEGRADA DE SEGURANÇA PÚBLICA,False,NÍVEL DE SERVIÇO DO CENTRO INTEGRADO DE ATENDIMENTO E DESPACHO (CIAD),False,Percentual %,99.12,,2023-06-01,90.00,,90.00,,90.00,,90.00,,PROGRAMA DE GERENCIAMENTO DAS LIGAÇÕES,Anual,Regional,"[(NS ANUAL CICOP*8,0) + (NS ANUAL COBOM*1,5) + (NS ANUAL CEPOLC*0,5)]/10NS ANUAL DE CADA CENTRO = MÉDIA LIGAÇÕES ANUAIS ATENDIDAS EM 10 SEGUNDOS/MÉDIA LIGAÇÕES ANUAIS RECEBIDAS",,,2023-07-28 09:59:00,True,MAIOR
138,"CONCESSÃO DE AUXÍLIO FINANCEIRO, SEGURO E PECÚLIO",False,PERCENTUAL DE SEGUROS E PECÚLIOS DEFERIDOS NO PRAZO				,False,%,97.00,,2023-06-30,90.00,,90.00,,90.00,,90.00,,SISTEMA DE CONCESSÃO E PAGAMENTO DE SEGUROS (SEGU)				,Mensal,Estadual,(SOMA DOS PROCESSOS DEFERIDOS NO PRAZO / SOMA DE PROCESSOS DEFERIDOS) X 100				,,,2023-07-31 09:34:00,True,MAIOR
146,PROMOÇÃO DA POLÍTICA SOCIOEDUCATIVA PARA ATENDIMENTO AOS ADOLESCENTES EM CONFLITO COM A LEI,False,ÍNDICE DE ATENDIMENTO TÉCNICO,False,%,82.00,,2023-07-21,82.00,,82.00,,82.00,,82.00,,PAINEL SUASE,Anual,Estadual,(MÉDIA ANUAL DO INDICADOR ATENDIMENTO COM PSICÓLOGO + MÉDIA ANUAL DO INDICADOR ATENDIMENTO COM SERVIÇO SOCIAL + MÉDIA ANUAL DO INDICADOR ATENDIMENTO COM PSICÓLOGO OU SERVIÇO SOCIAL + MÉDIA ANUAL DO INDICADOR ATENDIMENTO COM PEDAGOGO + MÉDIA ANUAL DO INDICADOR ATENDIMENTO COM TERAPEUTA OCUPACIONAL + MÉDIA ANUAL DO INDICADOR ATENDIMENTO COM ASSISTENTE JURÍDICO) / 6,,,2023-08-01 14:40:00,True,MAIOR
146,PROMOÇÃO DA POLÍTICA SOCIOEDUCATIVA PARA ATENDIMENTO AOS ADOLESCENTES EM CONFLITO COM A LEI,False,ÍNDICE ENSINO,False,%,87.00,,2023-07-21,87.00,,87.00,,87.00,,87.00,,PAINEL SUASE,Anual,Estadual,((MÉDIA ANUAL DO INDICADOR MATRÍCULA * 2) + (MÉDIA ANUAL DO INDICADOR FREQUÊNCIA * 2) + (MÉDIA ANUAL DO INDICADOR OFICINA DE INCENTIVO AOS ESTUDOS * 1)) / 5.,,,2023-08-01 14:19:00,True,MAIOR
146,PROMOÇÃO DA POLÍTICA SOCIOEDUCATIVA PARA ATENDIMENTO AOS ADOLESCENTES EM CONFLITO COM A LEI,False,ÍNDICE ESPORTE E CULTURA,False,%,86.00,,2023-07-21,86.00,,86.00,,86.00,,86.00,,PAINEL SUASE,Anual,Estadual,(MÉDIA ANUAL DO INDICADOR DE ESPORTE + MÉDIA ANUAL DO INDICADOR DE CULTURA) / 2.,,,2023-08-01 14:21:00,True,MAIOR
146,PROMOÇÃO DA POLÍTICA SOCIOEDUCATIVA PARA ATENDIMENTO AOS ADOLESCENTES EM CONFLITO COM A LEI,False,ÍNDICE FAMÍLIA,False,%,86.00,,2023-07-21,86.00,,86.00,,86.00,,86.00,,PAINEL SUASE,Anual,Estadual,(MÉDIA ANUAL DO INDICADOR ATENDIMENTO TÉCNICO FAMILIAR + MÉDIA ANUAL DO INDICADOR PARTICIPAÇÃO EM ENCAMINHAMENTOS + MÉDIA ANUAL DO INDICADOR CONTATO FAMILIAR REMOTO) / 3,,,2023-08-01 14:23:00,True,MAIOR
146,PROMOÇÃO DA POLÍTICA SOCIOEDUCATIVA PARA ATENDIMENTO AOS ADOLESCENTES EM CONFLITO COM A LEI,False,ÍNDICE GERENCIAMENTO TÉCNICO,False,%,100.00,,2023-07-21,100.00,,100.00,,100.00,,100.00,,PAINEL SUASE,Anual,Estadual,(MÉDIA ANUAL DO INDICADOR PSICOLOGIA + MÉDIA ANUAL DO INDICADOR SERVIÇO SOCIAL + MÉDIA ANUAL DO INDICADOR PEDAGOGIA + MÉDIA ANUAL DO INDICADOR TERAPIA OCUPACIONAL + MÉDIA ANUAL DO INDICADOR ASSISTENTE JURÍDICO) / 5,,,2023-08-01 14:26:00,True,MAIOR
146,PROMOÇÃO DA POLÍTICA SOCIOEDUCATIVA PARA ATENDIMENTO AOS ADOLESCENTES EM CONFLITO COM A LEI,False,ÍNDICE PIA PACTUADO,False,%,75.00,,2023-07-21,75.00,,75.00,,75.00,,75.00,,PAINEL SUASE,Anual,Estadual,(MÉDIA ANUAL DO INDICADOR PIA PROTOCOLADO + MÉDIA ANUAL DO PARTICIPAÇÃO NO PIA) / 2,,,2023-08-01 14:32:00,True,MAIOR
146,PROMOÇÃO DA POLÍTICA SOCIOEDUCATIVA PARA ATENDIMENTO AOS ADOLESCENTES EM CONFLITO COM A LEI,False,ÍNDICE PROFISSIONALIZAÇÃO,False,%,74.00,,2023-07-21,74.00,,74.00,,74.00,,74.00,,PAINEL SUASE,Anual,Estadual,(MÉDIA ANUAL DO INDICADOR CURSOS PROFISSIONALIZANTES + MÉDIA ANUAL DO INDICADOR OFICINA DE ORIENTAÇÃO PROFISSIONAL) / 2,,,2023-08-01 14:34:00,True,MAIOR
146,PROMOÇÃO DA POLÍTICA SOCIOEDUCATIVA PARA ATENDIMENTO AOS ADOLESCENTES EM CONFLITO COM A LEI,False,ÍNDICE SAÚDE,False,%,85.00,,2023-07-21,85.00,,85.00,,85.00,,85.00,,PAINEL SUASE,Anual,Estadual,(MÉDIA ANUAL DO INDICADOR ATENDIMENTO EM SAÚDE + MÉDIA ANUAL DO INDICADOR OFICINAS DE SAÚDE + MÉDIA ANUAL DO INDICADOR ATENDIMENTO ODONTOLÓGICO) / 3,,,2023-08-01 14:37:00,True,MAIOR
146,PROMOÇÃO DA POLÍTICA SOCIOEDUCATIVA PARA ATENDIMENTO AOS ADOLESCENTES EM CONFLITO COM A LEI,False,ÍNDICE GERAL DE ATENDIMENTO,False,%,82.00,,2023-07-21,82.00,,82.00,,82.00,,82.00,,PAINEL SUASE,Anual,Estadual,(MÉDIA ANUAL DO ÍNDICE ENSINO + MÉDIA ANUAL DO ÍNDICE ESPORTE E CULTURA + MÉDIA ANUAL DO ÍNDICE FAMÍLIA + MÉDIA ANUAL DO ÍNDICE SAÚDE + MÉDIA ANUAL DO ÍNDICE PROFISSIONALIZAÇÃO + MÉDIA ANUAL DO ÍNDICE ATENDIMENTO TÉCNICO + MÉDIA ANUAL DO ÍNDICE PIA PACTUADO) /7,,,2023-08-01 14:39:00,True,MAIOR
147,GESTÃO DE PESSOAS,False,"PORCENTAGEM DE SERVIDORES ATIVOS DOS ÓRGÃOS, AUTARQUIAS E FUNDAÇÕES COM FREQUÊNCIA APURADA PELO PONTO DIGITAL",False,%,10.30,,2023-06-22,11.00,,16.00,,19.00,,70.00,,"SUPERINTENDÊNCIA CENTRAL DE ADMINISTRAÇÃO DE PESSOAL  (BASE DE DADOS - SISTEMA PONTO DIGITAL, SISTEMA DE ADMINISTRAÇÃO DE PESSOAL - SISAP, PAINEL GESTÃO DE PESSOAS)",Anual,Estadual,QUANTIDADE DE USUÁRIOS ATIVOS NO PONTO DIGITAL / QUANTIDADE DE SERVIDORES CIVIS ATIVOS NO SISAP,,,2023-08-04 13:30:00,True,MAIOR
147,GESTÃO DE PESSOAS,False,PERÍCIAS AGENDADAS TEMPESTIVAMENTE,False,%,,Em Apuração,,50.00,,70.00,,80.00,,90.00,,SUPERINTENDÊNCIA CENTRAL DE PERÍCIA MÉDICA E SAÚDE OCUPACIONAL,Anual,Estadual,(SOMATÓRIO DO NÚMERO DE PERÍCIAS AGENDADAS DENTRO DO PRAZO DE CINCO DIAS ÚTEIS / SOMATÓRIO DO NÚMERO TOTAL DE PERÍCIAS AGENDADAS) X 100,,"NÃO FOI APURADO O INDICADOR “PERÍCIAS AGENDADAS TEMPESTIVAMENTE” TENDO EM VISTA A PANDEMIA DA DOENÇA INFECCIOSA VIRAL RESPIRATÓRIA CAUSADA PELO AGENTE CORONAVÍRUS – COVID-19, QUE ALTEROU A FORMA DE AGENDAMENTO E DE REALIZAÇÃO DAS PERÍCIAS MÉDICAS POR ESTA SCPMSO. ALÉM DISSO, FOI NECESSÁRIO SOLICITAR AGENDAS EXTRAS AOS MÉDICOS PERITOS PARA REALIZAÇÃO DE PERÍCIAS ADMISSIONAIS DE UM GRANDE LOTE DE NOMEAÇÕES PROVENIENTE DA SECRETARIA DE ESTADO DE EDUCAÇÃO. PARA SUPRIR O AUMENTO EXPONENCIAL DA DEMANDA GERADA PELOS FATORES MENCIONADOS ESTAMOS AGUARDANDO A CONTRATAÇÃO DE 51 MÉDICOS PERITOS. POR TODO EXPOSTO, O INDICADOR SERÁ APURADO EM UM CENÁRIO MAIS ADERENTE À REALIDADE.",2023-08-04 13:42:00,True,MAIOR
149,TRANSFORMAÇÃO DIGITAL E ATENDIMENTO AO CIDADÃO,False,COEFICIENTE DE EFICIÊNCIA DAS UAIS,False,Percentual,97.90,,2023-01-01,98.00,,98.00,,98.00,,98.00,,SISTEMA DE GESTÃO DE ATENDIMENTO,Anual,Estadual,"COEF = PGS*0,5 + TE*0,4 + QS*0,1 ONDE: PGS= PONTUAÇÃO OBTIDA A PARTIR DO GRAU DE SATISFAÇÃO DO CIDADÃO, AVALIADO NO MOMENTO DO ATENDIMENTO NO GUICHÊ TE = PONTUAÇÃO OBTIDA A PARTIR DO TEMPO DE ESPERA MÉDIO DE TODOS OS SERVIÇOS QS = PONTUAÇÃO QUANTIDADE DE SENHAS ATENDIDAS EM RELAÇÃO A QUANTIDADE DE SENHAS EMITIDAS",,,2023-08-02 11:16:00,True,MAIOR
149,TRANSFORMAÇÃO DIGITAL E ATENDIMENTO AO CIDADÃO,False,ÍNDICE DE TRANSFORMAÇÃO DIGITAL DE SERVIÇOS PÚBLICOS - ITD,False,Percentual,79.71,,2023-05-31,80.50,,81.00,,81.50,,82.00,,RELATÓRIO DO PORTAL MG.GOV.BR,Anual,Estadual,NÚMERO DE ETAPAS DIGITAIS + AUTOSERVIÇO / NÚMERO TOTAL DE ETAPAS,,,2023-08-02 11:17:00,True,MAIOR
151,PROMOÇÃO DA INOVAÇÃO E DA GESTÃO ESTRATÉGICA,False,"9,6",False,Nota,9.60,,2023-06-30,9.60,,9.60,,9.60,,9.60,,SEPLAG,Anual,Estadual,SOMAS DAS NOTAS ATRIBUÍDAS PARA O ASPECTO “COMO VOCÊ AVALIA A SUA EXPERIÊNCIA JUNTO AO LAB.MG?”/ QUANTIDADE DE RESPOSTAS OBTIDAS,,,2023-08-02 17:30:00,True,MAIOR
156,GESTÃO DA CIDADE ADMINISTRATIVA,False,ÍNDICE DE DISPONIBILIDADE DE ELEVADORES NA CIDADE ADMINISTRATIVA,False,%,99.60,,2023-05-01,97.60,,97.65,,97.70,,97.75,,RELATÓRIO TÉCNICO MENSAL DISPONIBILIZADO PELA EMPRESA DE MANUTENÇÃO DOS ELEVADORES,Anual,Estadual,SOMATÓRIO DISPONIBILIDADE DOS ELEVADORES / SOMATÓRIO QUANTIDADE DE ELEVADORES,,,2023-08-07 14:51:00,True,MAIOR
156,GESTÃO DA CIDADE ADMINISTRATIVA,False,ÍNDICE DE SOLICITAÇÕES DE TIC RESOLVIDAS NO PRAZO,False,%,99.93,,2023-06-01,98.00,,98.50,,98.60,,98.70,,SOLUÇÃO INFORMATIZADA DE ATENDIMENTO (SOLUÇÃO ASSYST),Anual,Estadual,(TOTAL DE SOLICITAÇÕES ATENDIDAS NO PRAZO / TOTAL DE SOLICITAÇÕES RECEBIDAS) X 100,,,2023-08-07 15:22:00,True,MAIOR
156,GESTÃO DA CIDADE ADMINISTRATIVA,False,ÍNDICE DE QUALIDADE DO SERVIÇO DE TRANSPORTE FRETADO DA CIDADE ADMINISTRATIVA,False,%,99.97,,2023-01-01,99.75,,99.80,,99.85,,99.90,,RELATÓRIO MENSAL DAS VIAGENS REALIZADAS PELA EMPRESA DE PRESTAÇÃO DO SERVIÇO DE TRANSPORTE FRETADO DA CIDADE ADMINISTRATIVA E RELATÓRIO DAS FISCALIZAÇÕES DO SERVIÇO,Anual,Estadual,(NÚMERO DE VIAGENS REALIZADAS NO PRAZO / NÚMERO DE VIAGENS PLANEJADAS)*100,,,2023-08-09 16:03:00,True,MAIOR
156,GESTÃO DA CIDADE ADMINISTRATIVA,False,"ÍNDICE DE QUALIDADE DOS SERVIÇOS PRESTADOS DE LIMPEZA, E SEUS ASPECTOS TÉCNICOS E DE SEGURANÇA",False,Nota média 1/10,9.99,,2023-05-01,9.40,,9.45,,9.50,,9.55,,SOLUÇÃO INFORMATIZADA DE FISCALIZAÇÃO (FISCWEB/MG),Anual,Estadual,"APLICAÇÃO DE QUESTIONÁRIOS ESPECÍFICOS PARA AVALIAR OS SERVIÇOS PRESTADOS NAS DIFERENTES ÁREAS DA CIDADE ADMINISTRATIVA, CONFORME PREVISTO EM CONTRATO. A NOTA PODE VARIAR DE 8,75 A 10,00. FÓRMULA: &#8721, NOTAS OBTIDAS / NÚMERO DE QUESTIONÁRIOS APLICADOS",,,2023-08-07 14:58:00,True,MAIOR
160,MELHORIA DA GESTÃO LOGÍSTICA E PATRIMONIAL,False,DEMANDAS DE DESTINAÇÃO DOS IMÓVEIS PÚBLICOS ATENDIDAS,False,%,87.00,,2022-12-31,,,,,,,,,SECRETARIA DE ESTADO DE PLANEJAMENTO E GESTÃO,Anual,Estadual,"MÉDIA DAS FAIXAS DE ATENDIMENTO DAS DEMANDAS DE DESTINAÇÃO DOS IMÓVEIS PÚBLICOS. AS FAIXAS SÃO DEFINIDAS A PARTIR DO CÁLCULO DA RAZÃO ENTRE O QUANTITATIVO REALIZADO E O ESTIMADO PARA O RESPECTIVO DOCUMENTO EMITIDO. VALORES INFERIORES A 50% CORRESPONDEM À FAIXA 0%. JÁ OS VALORES IGUAIS OU SUPERIORES A 50% CORRESPONDEM A FAIXA DE DEZENA SEGUINTE AO SEU VALOR. POR FIM, OS VALORES SUPERIORES A 100% CORRESPONDEM  A FAIXA DE 100%.",,"NOVO INDICADOR CRIADO, PARA MENSURAÇÃO DAS METAS  FÍSICAS DANOVA AÇÃO ORÇAMENTÁRIA PROPOSTA -MODERNIZAÇÃO DA GESTÃO DOS IMÓVEIS DO ESTADO DE MINAS GERAIS.",2023-08-08 14:57:00,True,MAIOR
706,PRESTAÇÃO JURISDICIONAL,False,TAXA DE CONGESTIONAMENTO,False,%,67.48,,2018-12-31,65.64,,65.78,,72.58,,66.83,,CENTRO DE INFORMAÇÕES PARA GESTÃO INSTITUCIONAL,Anual,Estadual,TXC=CASOS PENDENTES / ((BAIXADOS EM 12 MESES) + CASOS PENDENTES),,,2023-07-04 11:29:00,False,MENOR
726,ACESSO À JUSTIÇA,False,PERCENTUAL DE COMARCAS QUE CONTAM COM A PRESENÇA DA DEFENSORIA PÚBLICA,False,%,37.25,,2023-07-31,37.25,,37.25,,37.25,,37.25,,DEFENSORIA PÚBLICA DO ESTADO DE MINAS GERAIS,Anual,Estadual,(NÚMERO DE COMARCAS QUE CONTAM COM A PRESENÇA DA DEFENSORIA PÚBLICA/NÚMERO DE COMARCAS EXISTENTES NO ESTADO DE MINAS GERAIS)*100,,,2023-08-04 15:44:00,False,MAIOR
726,ACESSO À JUSTIÇA,False,PERCENTUAL DE COMARCAS QUE SE ENCONTRAM TOTALMENTE PROVIDAS DE DEFENSORES PÚBLICOS,False,%,11.74,,2023-07-31,11.74,,11.74,,11.74,,11.74,,DEFENSORIA PÚBICA DO ESTADO DE MINAS GERAIS,Anual,Estadual,(SOMATÓRIO DE COMARCAS TOTALMENTE PROVIDAS DE DEFENSORES PÚBLICOS/TOTAL DE COMARCAS DO ESTADO DE MINAS GERAIS)*100,,,2023-08-04 15:42:00,False,MAIOR
726,ACESSO À JUSTIÇA,False,NÚMERO DE DEFENSORES PÚBLICOS POR 100.000 HABITANTES,False,Defensores por 100 mil habitantes,3.14,,2021-12-31,2.95,,2.95,,3.12,,3.18,,DEFENSORIA PÚBLICA DO ESTADO DE MINAS GERAIS,Anual,Estadual,(NÚMERO DE DEFENSORES PÚBLICOS/POPULAÇÃO DO ESTADO DE MINAS GERAIS)*100.000,,,2023-07-04 11:29:00,False,MAIOR
726,ACESSO À JUSTIÇA,False,NÚMERO DE PRESTAÇÕES JURÍDICAS POR 100.000 HABITANTES,False,prestação jurídica por 100 mil habitantes,12082.28,,2021-12-31,10.54,,10.79,,10293.93,,8751.33,,DEFENSORIA PÚBLICA DO ESTADO DE  MINAS GERAIS,Anual,Estadual,(NÚMERO DE PRESTAÇÕES JURÍDICAS/POPULAÇÃO DO ESTADO DE MINAS GERAIS)*100.000.,,,2023-07-04 11:29:00,False,MAIOR
746,CONTROLE EXTERNO DA GESTÃO DOS RECURSOS PÚBLICOS,False,VOLUME DE RECURSOS PÚBLICOS AFETOS A PROCESSOS LICITATÓRIOS APURADOS NAS TRILHAS ELETRÔNICAS DE FISCALIZAÇÃO,False,bilhões de Reais (R$),5.00,,2022-08-11,10.00,,15.00,,15.00,,20.00,,TRIBUNAL DE CONTAS DO ESTADO DE MINAS GERAIS,Anual,Estadual,"VALOR, EM BILHÕES DE REAIS, DA SOMA DOS RECURSOS ENVOLVIDOS NOS PROCESSOS LICITATÓRIOS ANALISADOS NAS TRILHAS ELETRÔNICAS DE FISCALIZAÇÃO",,,2023-07-26 17:19:00,True,MAIOR
746,CONTROLE EXTERNO DA GESTÃO DOS RECURSOS PÚBLICOS,False,ÍNDICE DE DELIBERAÇÃO DE PROCESSOS DE ATOS DE PESSOAL COM ANO REFERÊNCIA NOS 7 (SETE)  ÚLTIMOS EXERCÍCIOS,False,%,98.70,,2020-12-20,65.00,,65.00,,65.00,,65.00,,TRIBUNAL DE CONTAS DO ESTADO DE MINAS GERAIS,Anual,Estadual,"(NÚMERO DE PROCESSOS DE ATOS DE PESSOAL DELIBERADOS, COM ANO DE REFERÊNCIA NOS 7 ÚLTIMOS EXERCÍCIOS 2018 A 2024 / NÚMERO DE PROCESSOS DE ATOS DE PESSOAL AUTUADOS NO EXERCÍCIO ANTERIOR 2023) * 100",,,2023-07-26 17:00:00,False,MAIOR
746,CONTROLE EXTERNO DA GESTÃO DOS RECURSOS PÚBLICOS,False,ÍNDICE DE DELIBERAÇÃO DE PROCESSOS COM ANO REFERÊNCIA 2022/2023 PARA PCA E PEDIDO DE REEXAME E 6 (SEIS) ÚLTIMOS EXERCICIOS PARA DEMAIS NATUREZAS,False,%,73.30,,2020-12-20,60.00,,60.00,,60.00,,60.00,,TRIBUNAL DE CONTAS DO ESTADO DE MINAS GERAIS,Anual,Estadual,"[(NÚMERO DE PROCESSOS DELIBERADOS DE PCA E PEDIDO DE REEXAME COM ANO DE REFERÊNCIA 2022/2023) + (NÚMERO DE PROCESSOS DELIBERADOS DE DEMAIS NATUREZAS COM ANO DE REFERÊNCIA NOS ÚLTIMOS 6 EXERCÍCIOS) / NÚMERO DE PROCESSOS DE PCA, PEDIDO DE REEXAME E DEMAIS NATUREZAS AUTUADOS NO EXERCÍCIO DE 2023] *100",,,2023-07-26 17:00:00,False,MAIOR
746,CONTROLE EXTERNO DA GESTÃO DOS RECURSOS PÚBLICOS,False,ÍNDICE DE CUMPRIMENTO DO PLANO ANUAL DE FISCALIZAÇÃO.,False,%,91.00,,2020-12-20,80.00,,80.00,,80.00,,80.00,,SUPERINTENDÊNCIA DE CONTROLE EXTERNO,Anual,Estadual,(PONTOS TOTAIS OBTIDOS / PONTOS TOTAIS POSSÍVEIS DE OBTER) X 100.,,,2023-07-26 16:57:00,False,MAIOR
746,CONTROLE EXTERNO DA GESTÃO DOS RECURSOS PÚBLICOS,False,"ÍNDICE DE PROCESSOS DE AUDITORIAS DELIBERADOS NO PRAZO DE 360 DIAS DA AUTUAÇÃO, EM RELAÇÃO AO TOTAL DE AUDITORIAS AUTUADAS NO ANO ANTERIOR",False,%,5.90,,2020-12-20,30.00,,30.00,,40.00,,40.00,,TRIBUNAL DE CONTAS DO ESTADO DE MINAS GERAIS,Anual,Estadual,(NÚMERO DE PROCESSOS DE AUDITORIAS DELIBERADOS NO PRAZO DE 360 DIAS DA AUTUAÇÃO / TOTAL DE PROCESSOS DE AUDITORIAS AUTUADOS EM 2023) *100,,,2023-07-26 17:03:00,False,MAIOR
746,CONTROLE EXTERNO DA GESTÃO DOS RECURSOS PÚBLICOS,False,PERCENTUAL DE MUNICÍPIOS ABRANGIDOS PELAS AÇÕES DE FISCALIZAÇÃO PRESENCIAIS OU MEDIANTE TRILHAS ELETRÔNICAS,False,%,100.00,,2020-12-20,100.00,,100.00,,100.00,,100.00,,TRIBUNAL DE CONTAS DO ESTADO DE MINAS GERAIS,Anual,Estadual,(NÚMERO DE MUNICÍPIOS ABRANGIDOS PELAS AÇÕES DE FISCALIZAÇÃO PRESENCAIS OU MEDIANTE TRILHAS ELETRÔNICAS / NÚMERO DE MUNICÍPIOS DO ESTADO) *100,,,2023-07-18 17:24:00,False,MAIOR
746,CONTROLE EXTERNO DA GESTÃO DOS RECURSOS PÚBLICOS,False,PERCENTUAL DE AÇÕES DE FISCALIZAÇÃO PREVISTAS NO PLANO ANUAL DE FISCALIZAÇÃO - PAF ALINHADAS AOS OBJETIVOS DE DESENVOLVIMENTO SUSTENTÁVEL - ODS,False,%,100.00,,2022-09-13,85.00,,85.00,,90.00,,90.00,,TRIBUNAL DE CONTAS DO ESTADO DE MINAS GERAIS,Anual,Estadual,(NÚMERO DE AÇÕES DE FISCALIZAÇÃO PREVISTAS NO PAF ALINHADAS AOS OBJETIVOS DE DESENVOLVIMENTO SUSTENTÁVEL-ODS / NÚMERO TOTAL DE AÇÕES DE FISCALIZAÇÃO PREVISTAS PAF) *100,,,2023-07-26 17:16:00,False,MAIOR
746,CONTROLE EXTERNO DA GESTÃO DOS RECURSOS PÚBLICOS,False,NÚMERO DE AGENTES PÚBLICOS E DE PARTICULARES EM COLABORAÇÃO COM A ADMINISTRAÇÃO ALCANÇADOS PELAS TRILHAS ELETRÔNICAS DE FISCALIZAÇÃO,False,UNIDADE,5000.00,,2022-08-11,5000.00,,7000.00,,9000.00,,12000.00,,TRIBUNAL DE CONTAS DO ESTADO DE MINAS GERAIS,Anual,Estadual,NÚMERO ABSOLUTO DE AGENTES PÚBLICOS E DE PARTICULARES EM COLABORAÇÃO COM A ADMINISTRAÇÃO PÚBLICA ALCANÇADOS PELAS TRILHAS ELETRÔNICAS DE FISCALIZAÇÃO,,,2023-07-26 17:10:00,True,MAIOR
746,CONTROLE EXTERNO DA GESTÃO DOS RECURSOS PÚBLICOS,False,TIPOS DE CRUZAMENTOS DE DADOS REALIZADOS PELOS SISTEMAS UTILIZADOS EM TRILHAS ELETRÔNICAS DE FISCALIZAÇÃO,False,UNIDADE,30.00,,2022-08-11,40.00,,40.00,,50.00,,50.00,,TRIBUNAL DE CONTAS DO ESTADO DE MINAS GERAIS,Anual,Estadual,NÚMERO ABSOLUTO DOS TIPOS DE CRUZAMENTO DE DADOS REALIZADOS PELOS SISTEMAS UTILIZADOS EM TRILHAS ELETRÔNICAS DE FISCALIZAÇÃO,,,2023-07-26 17:17:00,True,MAIOR
746,CONTROLE EXTERNO DA GESTÃO DOS RECURSOS PÚBLICOS,False,NÚMERO DE RELATÓRIOS QUE CONSOLIDAM OS ACHADOS DECORRENTES DAS TRILHAS ELETRÔNICAS DE FISCALIZAÇÃO,False,UNIDADE,50.00,,2022-08-11,50.00,,50.00,,60.00,,60.00,,TRIBUNAL DE CONTAS DO ESTADO DE MINAS GERAIS,Anual,Estadual,NÚMERO ABSOLUTO DE  RELATÓRIOS QUE CONSOLIDAM OS ACHADOS DECORRENTES DE TRILHAS ELETRÔNICAS DE FISCALIZAÇÃO,,,2023-07-26 17:16:00,True,MAIOR
746,CONTROLE EXTERNO DA GESTÃO DOS RECURSOS PÚBLICOS,False,NÚMERO DE AÇÕES DE CONTROLE DESENCADEADAS A PARTIR DO CRUZAMENTO DE INFORMAÇÃO EM MASSA CONSTANTE DE BANCO DE DADOS PRÓPRIOS OU DE TERCEIROS,False,UNIDADE,7.00,,2022-08-11,10.00,,12.00,,15.00,,15.00,,TRIBUNAL DE CONTAS DO ESTADO DE MINAS GERAIS,Anual,Estadual,NÚMERO ABSOLUTO DE AÇÕES DE CONTROLE DESENCADEADAS A PARTIR DE CRUZAMENTO DE INFORMAÇÕES EM MASSA REALIZADAS NO EXERCÍCIO,,,2023-07-26 17:08:00,True,MAIOR
746,CONTROLE EXTERNO DA GESTÃO DOS RECURSOS PÚBLICOS,False,NÚMERO DE ANÁLISES AUTOMATIZADAS DE PROCESSOS LICITATÓRIOS REALIZADAS COM O AUXÍLIO DE FERRAMENTAS DE TECNOLOGIA DA INFORMAÇÃO,False,UNIDADE,14600.00,,2023-07-27,18000.00,,25000.00,,25000.00,,25000.00,,TRIBUNAL DE CONTAS DO ESTADO DE MINAS GERAIS,Anual,Estadual,NÚMERO ABSOLUTO DAS ANÁLISES DE PROCESSOS LICITATÓRIOS REALIZADAS COM O AUXÍLIO DE FERRAMENTAS DE TECNOLOGIA DA INFORMAÇÃO,"TRATA-SE DE UM INDICADOR NOVO, QUE AINDA NÃO FOI MEDIDO",,2023-07-27 10:48:00,True,MAIOR
746,CONTROLE EXTERNO DA GESTÃO DOS RECURSOS PÚBLICOS,False,TIPOS DE INCONSISTÊNCIAS IDENTIFICADAS PELO FISCAP RELATIVAMENTE AOS ATOS DE PESSOAL ENCAMINHADOS PELAS ADMINISTRAÇÕES DO ESTADO E DOS MUNICÍPIOS,False,UNIDADE,107.00,,2023-07-27,107.00,,107.00,,107.00,,107.00,,TRIBUNAL DE CONTAS DO ESTADO DE MINAS GERAIS,Anual,Estadual,NÚMERO ABSOLUTO DE TIPOS DE INCONSISTÊNCIAS IDENTIFICADAS PELO FISCAP RELATIVAMENTE AOS ATOS DE PESSOAL ENCAMINHADOS ELETRONICAMENTE PELAS ADMINISTRAÇÕES DO ESTADO E DOS MUNICÍPIOS,,,2023-07-27 13:49:00,True,MAIOR
746,CONTROLE EXTERNO DA GESTÃO DOS RECURSOS PÚBLICOS,False,TIPOS DE VERIFICAÇÕES REALIZADAS PELO SICOM QUE PREVINEM A REMESSA DE INFORMAÇÕES INCONSISTENTES RELATIVAS ÀS CONTAS MUNICIPAIS E À GESTÃO FISCAL,False,UNIDADE,635.00,,2023-07-21,635.00,,635.00,,635.00,,635.00,,TRIBUNAL DE CONTAS DO ESTADO DE MINAS GERAIS,Anual,Estadual,NÚMERO ABSOLUTO DE TIPOS DE VERIFICAÇÕES REALIZADAS PELO SICOM QUE PREVINEM A REMESSA DE INFORMAÇÕES INCONSISTENTES RELATIVAS ÀS CONTAS MUNCIPAIS E À GESTÃO FISCAL,,"TRATA-SE DE INDICADOR NOVO, QUE AINDA NÃO FOI MEDIDO",2023-07-27 14:53:00,True,MAIOR
746,CONTROLE EXTERNO DA GESTÃO DOS RECURSOS PÚBLICOS,False,NÚMERO DE INDÍCIOS DE IRREGULARIDADE DECORRENTES DO CRUZAMENTO DE DADOS QUE FORAM LEVADOS AO CONHECIMENTO DOS JURISDICIONADOS,False,UNIDADE,2.00,,2022-08-11,5000.00,,7000.00,,9000.00,,12000.00,,TRIBUNAL DE CONTAS DE MINAS GERAIS,Anual,Estadual,NÚMERO ABSOLUTO DE INDÍCIOS DE IRREGULARIDADE DECORRENTES DO CRUZAMENTO DE DADOS QUE FORAM LEVADOS AO CONHECIMENTO DOS JURISDICIONADOS POR EXERCÍCIO,,,2023-07-26 17:14:00,True,MAIOR
746,CONTROLE EXTERNO DA GESTÃO DOS RECURSOS PÚBLICOS,False,NÚMERO DE IRREGULARIDADES SANADAS OU EVITADAS DISPENSANDO A FORMALIZAÇÃO DE PROCESSO,False,UNIDADE,150.00,,2022-08-11,150.00,,200.00,,250.00,,300.00,,TRIBUNAL DE CONTAS DO ESTADO DE MINAS GERAIS,Anual,Estadual,NÚMERO ABSOLUTO DE IRREGULARIDADES SANADAS OU EVITADAS DISPENSANDO A FORMALIZAÇÃO DE PROCESSO,,,2023-07-26 17:14:00,True,MAIOR
760,CAPACITAÇÃO E ORIENTAÇÃO PARA MELHORAR A GESTÃO DOS RECURSOS PÚBLICOS,False,NÚMERO DE INSCRITOS EM AÇÕES DE CAPACITAÇÃO NA MODALIDADE EAD PRODUZIDAS PELA ESCOLA DE CONTAS,True,pessoas capacitadas,1200.00,,2022-09-06,15.00,,18.00,,1200.00,,1200.00,,ESCOLA DE CONTAS E CAPACITAÇÃO PEDRO ALEIXO,Anual,Estadual,NÚMERO DE INSCRIÇÕES REALIZADAS.,,,2023-07-18 14:15:00,False,MAIOR
760,CAPACITAÇÃO E ORIENTAÇÃO PARA MELHORAR A GESTÃO DOS RECURSOS PÚBLICOS,False,NÚMERO DE ALUNOS CERTIFICADOS EM TÍTULO DE PÓS-GRADUAÇÃO REALIZADA PELA ESCOLA DE CONTAS,True,Pessoa,90.00,,2022-09-06,60.00,,75.00,,90.00,,90.00,,ESCOLA DE CONTAS PROFESSOR PEDRO ALEIXO,Anual,Estadual,NÚMERO DE ALUNOS CERTIFICADOS COM TÍTULO DE PÓS-GRADUAÇÃO REALIZADA PELA ESCOLA DE CONTAS,,,2023-07-18 14:16:00,False,MAIOR
760,CAPACITAÇÃO E ORIENTAÇÃO PARA MELHORAR A GESTÃO DOS RECURSOS PÚBLICOS,False,ESTUDOS E PESQUISAS FORMALIZADOS,True,UNIDADE,1.00,,2022-09-06,3.00,,3.00,,3.00,,1.00,,ESCOLA DE CONTAS PROFESSOR PEDRO ALEIXO,Semestral,Estadual,NÚMERO DE ESTUDOS E PESQUISAS DEVIDAMENTE FORMALIZADOS DE ACORDO COM OS CRITÉRIOS DEFINIDOS POR PORTARIA DA PRESIDÊNCIA.,,,2023-07-18 10:52:00,False,MAIOR
760,CAPACITAÇÃO E ORIENTAÇÃO PARA MELHORAR A GESTÃO DOS RECURSOS PÚBLICOS,False,PERCENTUAL DE MUNICÍPIOS DO ESTADO DE MINAS GERAIS ABRANGIDOS PELAS AÇÕES DE CAPACITAÇÃO REALIZADAS PELO TRIBUNAL.,False,%,77.00,,2022-12-16,75.00,,76.00,,77.00,,78.00,,ESCOLA DE CONTAS E CAPACITAÇÃO PROFESSOR PEDRO ALEIXO,Mensal,Estadual,(NÚMERO DE MUNICÍPIOS DO ESTADO DE MINAS GERAIS ABRANGIDOS PELAS AÇÕES DE CAPACITAÇÃO / TOTAL DE MUNICÍPIOS DO ESTADO DE MINAS GERAIS) * 100.,,,2023-07-18 16:03:00,False,MAIOR
760,CAPACITAÇÃO E ORIENTAÇÃO PARA MELHORAR A GESTÃO DOS RECURSOS PÚBLICOS,False,ÍNDICE DE APROVEITAMENTO DE PARTICIPANTES CERTIFICADOS EM AÇÕES DE CAPACITAÇÃO REALIZADAS PELA ESCOLA DE CONTAS,False,%,,Em Apuração,,85.00,,85.00,,86.00,,86.00,,ESCOLA DE CONTAS E CAPACITAÇÃO PROFESSOR PEDRO ALEIXO,Mensal,Estadual,(NÚMERO DE PARTICIPANTES CERTIFICADOS EM AÇÕES DE CAPACITAÇÃO REALIZADAS PELA ESCOLA DE CONTAS / TOTAL DE PARTICIPANTES INSCRITOS EM AÇÕES DE CAPACITAÇÃO REALIZADAS PELA ESCOLA DE CONTAS) * 100,,"NÃO HÁ ÍNDICE DE REFERÊNCIA, POIS SE TRATA DE UM NOVO INDICADOR, QUE AINDA NÃO FOI MEDIDO.",2023-07-18 15:33:00,True,MAIOR
760,CAPACITAÇÃO E ORIENTAÇÃO PARA MELHORAR A GESTÃO DOS RECURSOS PÚBLICOS,False,ÍNDICE DE APROVEITAMENTO DE PARTICIPANTES CERTIFICADOS COM TÍTULO DE PÓS-GRADUAÇÃO REALIZADA PELA ESCOLA DE CONTAS (EAD),False,%,,Em Apuração,,54.00,,54.00,,55.00,,55.00,,ESCOLA DE CONTAS E CAPACITAÇÃO PROFESSOR PEDRO ALEIXO,Anual,Estadual,(NÚMERO DE PARTICIPANTES CERTIFICADOS COM TÍTULO DE PÓS-GRADUAÇÃO REALIZADA PELA ESCOLA DE CONTAS EAD / TOTAL DE PARTICIPANTES INSCRITOS EM PÓS-GRADUAÇÃO REALIZADA PELA ESCOLA DE CONTAS EAD ) * 100,,"NÃO HÁ ÍNDICE DE REFERÊNCIA, POIS SE TRATA DE UM NOVO INDICADOR, QUE AINDA NÃO FOI MEDIDO.",2023-07-18 15:25:00,True,MAIOR
760,CAPACITAÇÃO E ORIENTAÇÃO PARA MELHORAR A GESTÃO DOS RECURSOS PÚBLICOS,False,ÍNDICE DE APROVEITAMENTO DE PARTICIPANTES CERTIFICADOS COM TÍTULO DE PÓS-GRADUAÇÃO REALIZADA PELA ESCOLA DE CONTAS (PRESENCIAL),False,%,,Em Apuração,,67.00,,68.00,,68.00,,70.00,,ESCOLA DE CONTAS E CAPACITAÇÃO PROFESSOR PEDRO ALEIXO,Anual,Estadual,(NÚMERO DE PARTICIPANTES CERTIFICADOS COM TÍTULO DE PÓS-GRADUAÇÃO REALIZADA PELA ESCOLA DE CONTAS PRESENCIAL / TOTAL DE PARTICIPANTES INSCRITOS NA PÓS-GRADUAÇÃO REALIZADA PELA ESCOLA DE CONTAS PRESENCIAL) * 100,,"NÃO HÁ ÍNDICE DE REFERÊNCIA, POIS SE TRATA DE UM NOVO INDICADOR, QUE AINDA NÃO FOI MEDIDO.",2023-07-18 15:45:00,True,MAIOR
760,CAPACITAÇÃO E ORIENTAÇÃO PARA MELHORAR A GESTÃO DOS RECURSOS PÚBLICOS,False,PERCENTUAL DE SERVIDORES QUE EXERÇAM ATIVIDADES DE FISCALIZAÇÃO QUE REALIZARAM 40 HORAS DE CAPACITAÇÃO,False,%,87.65,,2022-12-16,80.00,,80.00,,80.00,,80.00,,ESCOLA DE CONTAS PROFESSOR PEDRO ALEIXO,Semestral,Estadual,"(TOTAL DE SERVIDORES QUE EXERÇAM ATIVIDADES DE FISCALIZAÇÃO, QUE ALCANÇARAM 40 HORAS OU MAIS DE CAPACITAÇÃO/TOTAL DE SERVIDORES QUE EXERÇAM ATIVIDADE DE FISCALIZAÇÃO) * 100",,,2023-07-18 16:02:00,False,MAIOR
